pop,vcf_ID,Q_pro,group1,group2,hybrid_index
BSS,CRR055682_f,0.00001,P. davidiana-N,P. davidiana-N,0.000871145288853109
BSS,CRR055683_f,0.00001,P. davidiana-N,P. davidiana-N,0.0015154828670593
BSS,CRR055684_f,0.00001,P. davidiana-N,P. davidiana-N,0.00307580825412998
BSS,CRR055685_f,0.00001,P. davidiana-N,P. davidiana-N,0.000873041130479326
BSS,CRR055686_f,0.00001,P. davidiana-N,P. davidiana-N,0.00599162612871561
GDS,CRR055687_f,0.221518,BCd,admixed,0.27946852454579
GDS,CRR055688_f,0.224658,BCd,admixed,0.272705327960315
GDS,CRR055690_f,0.231122,BCd,admixed,0.287712116970206
GDS,CRR055691_f,0.216978,BCd,admixed,0.281578879194274
HH,CRR055692_f,0.00001,P. davidiana-N,P. davidiana-N,0.00251516045925922
HH,CRR055693_f,0.00001,P. davidiana-N,P. davidiana-N,0.00177023008793057
HH,CRR055694_f,0.00001,P. davidiana-N,P. davidiana-N,0.00237220188383084
HM,CRR055695_f,0.00001,P. davidiana-N,P. davidiana-N,0.000991498041227295
HM,CRR055696_f,0.00001,P. davidiana-N,P. davidiana-N,0.00170032307703081
HM,CRR055697_f,0.00001,P. davidiana-N,P. davidiana-N,0.000991231297966971
HM,CRR055698_f,0.00001,P. davidiana-N,P. davidiana-N,0.0008716712218095
JSZ,CRR055699_f,0.00001,P. davidiana-N,P. davidiana-N,0.00145749303731637
JSZ,CRR055700_f,0.00001,P. davidiana-N,P. davidiana-N,0.000981983272094771
JSZ,CRR055701_f,0.00001,P. davidiana-N,P. davidiana-N,0.00184037066185021
JSZ,CRR055702_f,0.00001,P. davidiana-N,P. davidiana-N,0.00219689463088859
KMC,CRR055703_f,0.99999,P. rotundifolia,P. rotundifolia,0.999661365958643
KMC,CRR055704_f,0.99999,P. rotundifolia,P. rotundifolia,0.999714375413668
LHS,CRR055705_f,0.00001,P. davidiana-N,P. davidiana-N,0.00175213776182884
LHS,CRR055706_f,0.00001,P. davidiana-N,P. davidiana-N,0.00680890546126162
LHS,CRR055707_f,0.00001,P. davidiana-N,P. davidiana-N,0.00633751349536338
LHS,CRR055708_f,0.00001,P. davidiana-N,P. davidiana-N,0.000773879669884728
LJ,CRR055709_f,0.99999,P. rotundifolia,P. rotundifolia,0.999332096465542
LJ,CRR055710_f,0.99999,P. rotundifolia,P. rotundifolia,0.999370101070655
LJ,CRR055711_f,0.99999,P. rotundifolia,P. rotundifolia,0.998990148044656
LJ,CRR055712_f,0.99999,P. rotundifolia,P. rotundifolia,0.997911060344993
LJ,CRR055713_f,0.99999,P. rotundifolia,P. rotundifolia,0.999365611521866
LJ,CRR055714_f,0.99999,P. rotundifolia,P. rotundifolia,0.997951315232218
LJ,CRR055715_f,0.99999,P. rotundifolia,P. rotundifolia,0.999429483947364
LJ,CRR055716_f,0.99999,P. rotundifolia,P. rotundifolia,0.999672204868246
LJ,CRR055717_f,0.99999,P. rotundifolia,P. rotundifolia,0.99945580510537
SS,CRR055718_f,0.00001,P. davidiana-N,P. davidiana-N,0.000860535479319566
SS,CRR055719_f,0.00001,P. davidiana-N,P. davidiana-N,0.0158560134897402
SS,CRR055720_f,0.00001,P. davidiana-N,P. davidiana-N,0.000600660270658733
SS,CRR055721_f,0.00001,P. davidiana-N,P. davidiana-N,0.00133984721064136
SYS,CRR055723_f,0.00001,P. davidiana-N,P. davidiana-N,0.000900552064609127
LiuJQ-MZL-2013-313,D1910654A-GQ_BDSW192028649-1a,0.00001,P. davidiana-N,P. davidiana-N,0.00136026317107484
LiuJQ-MZL-2013-257,D1910655A-GQ_BDSW192028648-1a,0.00001,P. davidiana-N,P. davidiana-N,0.00130062846711189
MaoKS-CX-2014-32,hybrid01_HJNT3CCXY_L2,0.503366,BCr,admixed,0.49862282699324
MaoKS-CX-2014-32,hybrid02_HJNT3CCXY_L3,0.526916,BCr,admixed,0.528925070835584
MaoKS-CX-2014-67,hybrid03_HJYKNCCXY_L6,0.433978,BCr,admixed,0.437273214354985
MaoKS-CX-2014-67,hybrid04_HJYW3CCXY_L3,0.386953,BCr,admixed,0.395722639909055
MaoKS-CX-2014-67,hybrid05_HJYW3CCXY_L7,0.525756,BCr,admixed,0.543748492400343
hybrid03,hybrid08_HJYKNCCXY_L4,0.27896,P. davidiana-S,admixed,0.308650058566175
hybrid03,hybrid10_HJYKNCCXY_L4,0.270693,P. davidiana-S,admixed,0.322688539228861
hybrid13-15,hybrid13,0.875037,BCr,admixed,0.811931823844815
hybrid13-15,hybrid15_HJYKNCCXY_L4,0.855624,BCr,admixed,0.807120593474492
ZLP20-02,hybrid18_HJYKNCCXY_L5,0.99999,P. rotundifolia,P. rotundifolia,0.999642239318178
ZLP20-02,hybrid19_HJYKNCCXY_L6,0.99999,P. rotundifolia,P. rotundifolia,0.998001581775331
ZLP20-02,hybrid21_HJYKNCCXY_L6,0.97068,P. rotundifolia,P. rotundifolia,0.967623949654642
ZLP20-02,hybrid22_HJYKNCCXY_L5,0.99999,P. rotundifolia,P. rotundifolia,0.99808076392526
MaoKS-CX-2014-120,hybrid23_HJYKNCCXY_L8,0.99999,P. rotundifolia,P. rotundifolia,0.999422579337603
MaoKS-CX-2014-120,hybrid25_HJYKNCCXY_L5,0.99999,P. rotundifolia,P. rotundifolia,0.999356423248319
MaoKS-CX-2014-120,hybrid26_HJYKNCCXY_L5,0.99999,P. rotundifolia,P. rotundifolia,0.999493267304531
MaoKS-CX-2014-120,hybrid27_HJYKNCCXY_L7,0.99999,P. rotundifolia,P. rotundifolia,0.999599497252151
ZLP20-03,hybrid28_HJYKNCCXY_L5,0.99999,P. rotundifolia,P. rotundifolia,0.999771413437527
ZLP20-03,hybrid29,0.99999,P. rotundifolia,P. rotundifolia,0.999334276367533
ZLP20-03,hybrid30_HJYKNCCXY_L5,0.99999,P. rotundifolia,P. rotundifolia,0.999617172104789
ZLP20-03,hybrid31_HJYKNCCXY_L5,0.99999,P. rotundifolia,P. rotundifolia,0.999684842558594
ZLP20-03,hybrid32_HJYKNCCXY_L5,0.99999,P. rotundifolia,P. rotundifolia,0.999880181147754
ZLP20-23,hybrid33_HJYKNCCXY_L6,0.700562,BCr,admixed,0.682661440980201
ZLP20-23,hybrid34_HJYKNCCXY_L6,0.572052,BCr,admixed,0.556514753276908
ZLP20-23,hybrid37_HJYKNCCXY_L6,0.584927,BCr,admixed,0.573843360124912
LiuJQ-MZL-2013-042+43,LiuJQ-MZL-2013-042-1B,0.254446,P. davidiana-S,admixed,0.310583349483017
LiuJQ-MZL-2013-042+43,LiuJQ-MZL-2013-042-2B,0.257052,P. davidiana-S,admixed,0.295493807428202
LiuJQ-MZL-2013-042+43,LiuJQ-MZL-2013-042-6B,0.260316,P. davidiana-S,admixed,0.309021720365228
LiuJQ-MZL-2013-042+43,LiuJQ-MZL-2013-043-1C,0.257816,P. davidiana-S,admixed,0.304634787737552
LiuJQ-MZL-2013-042+43,LiuJQ-MZL-2013-043-2B,0.26338,P. davidiana-S,admixed,0.306992463633001
LiuJQ-MZL-2013-042+43,LiuJQ-MZL-2013-043-5B,0.258783,P. davidiana-S,admixed,0.304857294787289
LiuJQ-MZL-2013-099,LiuJQ-MZL-2013-099-1B,0.234399,P. davidiana-S,admixed,0.298440205544257
LiuJQ-MZL-2013-099,LiuJQ-MZL-2013-099-2B,0.245585,P. davidiana-S,admixed,0.311945475295674
LiuJQ-MZL-2013-099,LiuJQ-MZL-2013-099-3B,0.237835,P. davidiana-S,admixed,0.280233154512667
LiuJQ-MZL-2013-099,LiuJQ-MZL-2013-099-4B,0.244127,P. davidiana-S,admixed,0.302428795172669
LiuJQ-MZL-2013-099,LiuJQ-MZL-2013-099-5B,0.244323,P. davidiana-S,admixed,0.304213294815146
LiuJQ-MZL-2013-115,LiuJQ-MZL-2013-115-2B,0.193241,BCd,admixed,0.245974314759954
LiuJQ-MZL-2013-115,LiuJQ-MZL-2013-115-5B,0.205103,BCd,admixed,0.248075386838003
LiuJQ-MZL-2013-117,LiuJQ-MZL-2013-117-11B,0.209441,BCd,admixed,0.266842325034372
LiuJQ-MZL-2013-117,LiuJQ-MZL-2013-117-14B,0.221367,BCd,admixed,0.280388896289374
LiuJQ-MZL-2013-117,LiuJQ-MZL-2013-117-2B,0.228577,BCd,admixed,0.272630486771561
LiuJQ-MZL-2013-117,LiuJQ-MZL-2013-117-5B,0.222985,BCd,admixed,0.255780947513725
LiuJQ-MZL-2013-136,LiuJQ-MZL-2013-136-6B,0.232241,P. davidiana-S,admixed,0.276445231155631
LiuJQ-MZL-2013-136,LiuJQ-MZL-2013-136-8B,0.235449,P. davidiana-S,admixed,0.297333278681492
LiuJQ-MZL-2013-142,LiuJQ-MZL-2013-142-2B,0.200806,BCd,admixed,0.25503267696971
LiuJQ-MZL-2013-142,LiuJQ-MZL-2013-142-7B,0.199026,BCd,admixed,0.262588239170103
LiuJQ-MZL-2013-152,LiuJQ-MZL-2013-152-3B,0.182996,BCd,admixed,0.243869723279166
LiuJQ-MZL-2013-152,LiuJQ-MZL-2013-152-7B,0.198945,BCd,admixed,0.242603095277301
LiuJQ-MZL-2013-167,LiuJQ-MZL-2013-167-16B,0.185194,BCd,admixed,0.237338639997784
LiuJQ-MZL-2013-167,LiuJQ-MZL-2013-167-17B,0.179538,BCd,admixed,0.227891228359767
LiuJQ-MZL-2013-167,LiuJQ-MZL-2013-167-18B,0.178962,BCd,admixed,0.238782190352041
LiuJQ-MZL-2013-167,LiuJQ-MZL-2013-167-1B,0.180113,BCd,admixed,0.210957908524173
LiuJQ-MZL-2013-167,LiuJQ-MZL-2013-167-20B,0.181039,BCd,admixed,0.217773867050735
LiuJQ-MZL-2013-167,LiuJQ-MZL-2013-167-22B,0.171199,BCd,admixed,0.232704642267858
LiuJQ-MZL-2013-167,LiuJQ-MZL-2013-167-26B,0.188343,BCd,admixed,0.23399733498176
LiuJQ-MZL-2013-167,LiuJQ-MZL-2013-167-5B,0.184524,BCd,admixed,0.227496354473638
LiuJQ-MZL-2013-174,LiuJQ-MZL-2013-174-12B,0.120146,BCd,admixed,0.169479114577866
LiuJQ-MZL-2013-174,LiuJQ-MZL-2013-174-13B,0.111176,BCd,admixed,0.166747208209899
LiuJQ-MZL-2013-174,LiuJQ-MZL-2013-174-14B,0.116934,BCd,admixed,0.155519157699986
LiuJQ-MZL-2013-174,LiuJQ-MZL-2013-174-15B,0.126793,BCd,admixed,0.173865633356204
LiuJQ-MZL-2013-174,LiuJQ-MZL-2013-174-16B,0.142538,BCd,admixed,0.17282097428065
LiuJQ-MZL-2013-192,LiuJQ-MZL-2013-192-5B,0.111863,BCd,admixed,0.148623073890665
LiuJQ-MZL-2013-192,LiuJQ-MZL-2013-192-9B,0.103381,BCd,admixed,0.147443625527134
LiuJQ-MZL-2013-197,LiuJQ-MZL-2013-197-14B,0.102457,BCd,admixed,0.146917477090928
LiuJQ-MZL-2013-197,LiuJQ-MZL-2013-197-15B,0.109659,BCd,admixed,0.154712249779426
LiuJQ-MZL-2013-203,LiuJQ-MZL-2013-203-3B,0.071193,BCd,admixed,0.108178307521719
LiuJQ-MZL-2013-203,LiuJQ-MZL-2013-203-7B,0.074021,BCd,admixed,0.127302998386099
LiuJQ-MZL-2013-203,LiuJQ-MZL-2013-203-9B,0.055936,BCd,admixed,0.109350560752376
LiuJQ-MZL-2013-221,LiuJQ-MZL-2013-221-21B,0.00001,P. davidiana-N,P. davidiana-N,0.00687108279305435
LiuJQ-MZL-2013-221,LiuJQ-MZL-2013-221-22B,0.00001,P. davidiana-N,P. davidiana-N,0.0076945671630565
LiuJQ-MZL-2013-221,LiuJQ-MZL-2013-221-23B,0.00001,P. davidiana-N,P. davidiana-N,0.0220010408575052
LiuJQ-MZL-2013-221,LiuJQ-MZL-2013-221-24B,0.00001,P. davidiana-N,P. davidiana-N,0.0106325370823401
LiuJQ-MZL-2013-221,LiuJQ-MZL-2013-221-25B,0.000252,P. davidiana-N,P. davidiana-N,0.012033975395142
LiuJQ-MZL-2013-221,LiuJQ-MZL-2013-221-4B,0.00001,P. davidiana-N,P. davidiana-N,0.0140704657861087
LiuJQ-MZL-2013-221,LiuJQ-MZL-2013-221-5B,0.00001,P. davidiana-N,P. davidiana-N,0.0213585125936231
LiuJQ-MZL-2013-221,LiuJQ-MZL-2013-221-6B,0.00001,P. davidiana-N,P. davidiana-N,0.0158942074205328
LiuJQ-MZL-2013-221,LiuJQ-MZL-2013-221-7B,0.00001,P. davidiana-N,P. davidiana-N,0.00390149211765319
LiuJQ-MZL-2013-238,LiuJQ-MZL-2013-238-10B,0.00001,P. davidiana-N,P. davidiana-N,0.00458700121568239
LiuJQ-MZL-2013-238,LiuJQ-MZL-2013-238-1B,0.00001,P. davidiana-N,P. davidiana-N,0.0163915126398073
LiuJQ-MZL-2013-238,LiuJQ-MZL-2013-238-3B,0.00001,P. davidiana-N,P. davidiana-N,0.00251205869936763
LiuJQ-MZL-2013-238,LiuJQ-MZL-2013-238-4B,0.00001,P. davidiana-N,P. davidiana-N,0.0100670917885156
LiuJQ-MZL-2013-238,LiuJQ-MZL-2013-238-6B,0.00001,P. davidiana-N,P. davidiana-N,0.0185057887380826
LiuJQ-MZL-2013-238,LiuJQ-MZL-2013-238-7B,0.00001,P. davidiana-N,P. davidiana-N,0.00229471917793871
LiuJQ-MZL-2013-238,LiuJQ-MZL-2013-238-8B,0.00001,P. davidiana-N,P. davidiana-N,0.00663518141900873
LiuJQ-MZL-2013-238,LiuJQ-MZL-2013-238-9B,0.00001,P. davidiana-N,P. davidiana-N,0.00945091951184086
LiuJQ-MZL-2013-247,LiuJQ-MZL-2013-247-11B,0.00001,P. davidiana-N,P. davidiana-N,0.004974632464771
LiuJQ-MZL-2013-247,LiuJQ-MZL-2013-247-12B,0.00001,P. davidiana-N,P. davidiana-N,0.00314093942917553
LiuJQ-MZL-2013-247,LiuJQ-MZL-2013-247-13B,0.00001,P. davidiana-N,P. davidiana-N,0.000699130654359108
LiuJQ-MZL-2013-247,LiuJQ-MZL-2013-247-14B,0.00001,P. davidiana-N,P. davidiana-N,0.00128266782375743
LiuJQ-MZL-2013-247,LiuJQ-MZL-2013-247-15B,0.00001,P. davidiana-N,P. davidiana-N,0.00244456391911662
LiuJQ-MZL-2013-257,LiuJQ-MZL-2013-257-10B,0.00001,P. davidiana-N,P. davidiana-N,0.00114986537628315
LiuJQ-MZL-2013-257,LiuJQ-MZL-2013-257-1B,0.00001,P. davidiana-N,P. davidiana-N,0.000959740206924633
LiuJQ-MZL-2013-257,LiuJQ-MZL-2013-257-2B,0.00001,P. davidiana-N,P. davidiana-N,0.00173756666071746
LiuJQ-MZL-2013-257,LiuJQ-MZL-2013-257-3B,0.00001,P. davidiana-N,P. davidiana-N,0.00255321137083929
LiuJQ-MZL-2013-257,LiuJQ-MZL-2013-257-4B,0.00001,P. davidiana-N,P. davidiana-N,0.00363074875844469
LiuJQ-MZL-2013-257,LiuJQ-MZL-2013-257-5B,0.00001,P. davidiana-N,P. davidiana-N,0.00339994082061555
LiuJQ-MZL-2013-257,LiuJQ-MZL-2013-257-6B,0.00001,P. davidiana-N,P. davidiana-N,0.00158102426899969
LiuJQ-MZL-2013-257,LiuJQ-MZL-2013-257-8B,0.00001,P. davidiana-N,P. davidiana-N,0.000725905793879758
LiuJQ-MZL-2013-257,LiuJQ-MZL-2013-257-9B,0.00001,P. davidiana-N,P. davidiana-N,0.00112957858829872
LiuJQ-MZL-2013-264,LiuJQ-MZL-2013-264-11B,0.00001,P. davidiana-N,P. davidiana-N,0.000885714863609924
LiuJQ-MZL-2013-264,LiuJQ-MZL-2013-264-12B,0.00001,P. davidiana-N,P. davidiana-N,0.00214930225256118
LiuJQ-MZL-2013-264,LiuJQ-MZL-2013-264-13B,0.00001,P. davidiana-N,P. davidiana-N,0.00111142037545235
LiuJQ-MZL-2013-264,LiuJQ-MZL-2013-264-14B,0.00001,P. davidiana-N,P. davidiana-N,0.000993247048149316
LiuJQ-MZL-2013-264,LiuJQ-MZL-2013-264-15B,0.00001,P. davidiana-N,P. davidiana-N,0.00118500626481414
LiuJQ-MZL-2013-264,LiuJQ-MZL-2013-264-1B,0.00001,P. davidiana-N,P. davidiana-N,0.00176456176082737
LiuJQ-MZL-2013-264,LiuJQ-MZL-2013-264-2B,0.00001,P. davidiana-N,P. davidiana-N,0.000991071707688592
LiuJQ-MZL-2013-264,LiuJQ-MZL-2013-264-3B,0.00001,P. davidiana-N,P. davidiana-N,0.00472954622498262
LiuJQ-MZL-2013-264,LiuJQ-MZL-2013-264-4B,0.00001,P. davidiana-N,P. davidiana-N,0.0107824549074054
LiuJQ-MZL-2013-264,LiuJQ-MZL-2013-264-5B,0.00001,P. davidiana-N,P. davidiana-N,0.00239803453397681
LiuJQ-MZL-2013-270,LiuJQ-MZL-2013-270-10B,0.00001,P. davidiana-N,P. davidiana-N,0.00224486478138564
LiuJQ-MZL-2013-270,LiuJQ-MZL-2013-270-1B,0.00001,P. davidiana-N,P. davidiana-N,0.000910999779125819
LiuJQ-MZL-2013-270,LiuJQ-MZL-2013-270-2B,0.00001,P. davidiana-N,P. davidiana-N,0.000957507201963283
LiuJQ-MZL-2013-270,LiuJQ-MZL-2013-270-3B,0.00001,P. davidiana-N,P. davidiana-N,0.00233419722902316
LiuJQ-MZL-2013-270,LiuJQ-MZL-2013-270-4B,0.00001,P. davidiana-N,P. davidiana-N,0.00190279545114755
LiuJQ-MZL-2013-270,LiuJQ-MZL-2013-270-5B,0.00001,P. davidiana-N,P. davidiana-N,0.00159838531263342
LiuJQ-MZL-2013-270,LiuJQ-MZL-2013-270-6B,0.00001,P. davidiana-N,P. davidiana-N,0.0068216761122872
LiuJQ-MZL-2013-270,LiuJQ-MZL-2013-270-7B,0.00001,P. davidiana-N,P. davidiana-N,0.00111002817380189
LiuJQ-MZL-2013-270,LiuJQ-MZL-2013-270-8B,0.00001,P. davidiana-N,P. davidiana-N,0.00082028287095007
LiuJQ-MZL-2013-270,LiuJQ-MZL-2013-270-9B,0.00001,P. davidiana-N,P. davidiana-N,0.00174221503068807
LiuJQ-MZL-2013-282,LiuJQ-MZL-2013-282-10B,0.00001,P. davidiana-N,P. davidiana-N,0.000887312747280819
LiuJQ-MZL-2013-282,LiuJQ-MZL-2013-282-1B,0.00001,P. davidiana-N,P. davidiana-N,0.00177297121795219
LiuJQ-MZL-2013-282,LiuJQ-MZL-2013-282-2B,0.00001,P. davidiana-N,P. davidiana-N,0.00817523071974458
LiuJQ-MZL-2013-282,LiuJQ-MZL-2013-282-3B,0.00001,P. davidiana-N,P. davidiana-N,0.00154303594347176
LiuJQ-MZL-2013-282,LiuJQ-MZL-2013-282-4B,0.00001,P. davidiana-N,P. davidiana-N,0.00159273050836469
LiuJQ-MZL-2013-282,LiuJQ-MZL-2013-282-5B,0.00001,P. davidiana-N,P. davidiana-N,0.00109823457621592
LiuJQ-MZL-2013-282,LiuJQ-MZL-2013-282-6B,0.00001,P. davidiana-N,P. davidiana-N,0.000820505401000951
LiuJQ-MZL-2013-282,LiuJQ-MZL-2013-282-7B,0.00001,P. davidiana-N,P. davidiana-N,0.00222251068068569
LiuJQ-MZL-2013-282,LiuJQ-MZL-2013-282-8B,0.00001,P. davidiana-N,P. davidiana-N,0.00157837562060073
LiuJQ-MZL-2013-282,LiuJQ-MZL-2013-282-9B,0.00001,P. davidiana-N,P. davidiana-N,0.00190655301081666
LiuJQ-MZL-2013-298,LiuJQ-MZL-2013-298-12B,0.00001,P. davidiana-N,P. davidiana-N,0.00193169775274165
LiuJQ-MZL-2013-298,LiuJQ-MZL-2013-298-13B,0.00001,P. davidiana-N,P. davidiana-N,0.0015984383924984
LiuJQ-MZL-2013-298,LiuJQ-MZL-2013-298-14B,0.00001,P. davidiana-N,P. davidiana-N,0.00148148584872681
LiuJQ-MZL-2013-298,LiuJQ-MZL-2013-298-15B,0.00001,P. davidiana-N,P. davidiana-N,0.000689456916490466
LiuJQ-MZL-2013-298,LiuJQ-MZL-2013-298-16B,0.00001,P. davidiana-N,P. davidiana-N,0.00116347066415246
LiuJQ-MZL-2013-298,LiuJQ-MZL-2013-298-1B,0.00001,P. davidiana-N,P. davidiana-N,0.00378550905382556
LiuJQ-MZL-2013-298,LiuJQ-MZL-2013-298-2B,0.00001,P. davidiana-N,P. davidiana-N,0.00138693142375895
LiuJQ-MZL-2013-298,LiuJQ-MZL-2013-298-3B,0.00001,P. davidiana-N,P. davidiana-N,0.00219022892356822
LiuJQ-MZL-2013-298,LiuJQ-MZL-2013-298-4B,0.00001,P. davidiana-N,P. davidiana-N,0.00113842016064858
LiuJQ-MZL-2013-298,LiuJQ-MZL-2013-298-5B,0.00001,P. davidiana-N,P. davidiana-N,0.00163363567471379
LiuJQ-MZL-2013-313,LiuJQ-MZL-2013-313-10B,0.00001,P. davidiana-N,P. davidiana-N,0.0010790356902075
LiuJQ-MZL-2013-313,LiuJQ-MZL-2013-313-11B,0.00001,P. davidiana-N,P. davidiana-N,0.00131803260038591
LiuJQ-MZL-2013-313,LiuJQ-MZL-2013-313-9B,0.00001,P. davidiana-N,P. davidiana-N,0.00145840649970044
LiuJQ-MZL-2013-327,LiuJQ-MZL-2013-327-1B,0.00001,P. davidiana-N,P. davidiana-N,0.00123471425946021
LiuJQ-MZL-2013-327,LiuJQ-MZL-2013-327-2B,0.00001,P. davidiana-N,P. davidiana-N,0.00107235623217689
LiuJQ-MZL-2013-327,LiuJQ-MZL-2013-327-3B,0.00001,P. davidiana-N,P. davidiana-N,0.00149355236208611
LiuJQ-MZL-2013-327,LiuJQ-MZL-2013-327-4B,0.00001,P. davidiana-N,P. davidiana-N,0.00392501755106204
LiuJQ-MZL-2013-327,LiuJQ-MZL-2013-327-5B,0.00001,P. davidiana-N,P. davidiana-N,0.00211541439399343
LiuJQ-MZL-2013-327,LiuJQ-MZL-2013-327-6B,0.00001,P. davidiana-N,P. davidiana-N,0.00105062196556789
LiuJQ-MZL-2013-327,LiuJQ-MZL-2013-327-7B,0.00001,P. davidiana-N,P. davidiana-N,0.00244397046567507
LiuJQ-MZL-2013-327,LiuJQ-MZL-2013-327-8B,0.00001,P. davidiana-N,P. davidiana-N,0.00140947251707511
LiuJQ-MZL-2013-338,LiuJQ-MZL-2013-338-10B,0.00001,P. davidiana-N,P. davidiana-N,0.000622520164165002
LiuJQ-MZL-2013-338,LiuJQ-MZL-2013-338-1B,0.00001,P. davidiana-N,P. davidiana-N,0.0159771012313709
LiuJQ-MZL-2013-338,LiuJQ-MZL-2013-338-4B,0.00001,P. davidiana-N,P. davidiana-N,0.00432751725077972
LiuJQ-MZL-2013-338,LiuJQ-MZL-2013-338-6B,0.00001,P. davidiana-N,P. davidiana-N,0.000763291224099749
LiuJQ-MZL-2013-338,LiuJQ-MZL-2013-338-7B,0.00001,P. davidiana-N,P. davidiana-N,0.0143685307154209
LiuJQ-MZL-2013-338,LiuJQ-MZL-2013-338-9B,0.00001,P. davidiana-N,P. davidiana-N,0.00108094557913136
LiuJQ-MZL-2013-342,LiuJQ-MZL-2013-342-11B,0.00001,P. davidiana-N,P. davidiana-N,0.00225202297824591
LiuJQ-MZL-2013-342,LiuJQ-MZL-2013-342-12B,0.00001,P. davidiana-N,P. davidiana-N,0.00120933097065522
LiuJQ-MZL-2013-342,LiuJQ-MZL-2013-342-13B,0.00001,P. davidiana-N,P. davidiana-N,0.00294578250271487
LiuJQ-MZL-2013-342,LiuJQ-MZL-2013-342-14B,0.00001,P. davidiana-N,P. davidiana-N,0.00125483144128696
LiuJQ-MZL-2013-342,LiuJQ-MZL-2013-342-1B,0.00001,P. davidiana-N,P. davidiana-N,0.000839416569088515
LiuJQ-MZL-2013-342,LiuJQ-MZL-2013-342-2B,0.00001,P. davidiana-N,P. davidiana-N,0.000796366894991839
LiuJQ-MZL-2013-342,LiuJQ-MZL-2013-342-3B,0.00001,P. davidiana-N,P. davidiana-N,0.00074588282495965
LiuJQ-MZL-2013-342,LiuJQ-MZL-2013-342-4B,0.00001,P. davidiana-N,P. davidiana-N,0.000940980255943155
LiuJQ-MZL-2013-342,LiuJQ-MZL-2013-342-5B,0.00001,P. davidiana-N,P. davidiana-N,0.000743733780227608
LiuJQ-MZL-2013-349A,LiuJQ-MZL-2013-349-A1B,0.00001,P. davidiana-N,P. davidiana-N,0.0025439901925466
LiuJQ-MZL-2013-349A,LiuJQ-MZL-2013-349-A2B,0.00001,P. davidiana-N,P. davidiana-N,0.000996956908157127
LiuJQ-MZL-2013-349A,LiuJQ-MZL-2013-349-A3B,0.00001,P. davidiana-N,P. davidiana-N,0.000904713591717943
LiuJQ-MZL-2013-349A,LiuJQ-MZL-2013-349-A4B,0.00001,P. davidiana-N,P. davidiana-N,0.000979163887930743
LiuJQ-MZL-2013-349A,LiuJQ-MZL-2013-349-A5B,0.00001,P. davidiana-N,P. davidiana-N,0.000968619245478669
LiuJQ-MZL-2013-349A,LiuJQ-MZL-2013-349-B1B,0.00001,P. davidiana-N,P. davidiana-N,0.00152535035805226
LiuJQ-MZL-2013-349A,LiuJQ-MZL-2013-349-B3B,0.00001,P. davidiana-N,P. davidiana-N,0.00254624092947594
LiuJQ-MZL-2013-357,LiuJQ-MZL-2013-357-3B,0.00001,P. davidiana-N,P. davidiana-N,0.0167388260234838
LiuJQ-MZL-2013-357,LiuJQ-MZL-2013-357-4B,0.00001,P. davidiana-N,P. davidiana-N,0.000640690018892355
LiuJQ-MZL-2013-357,LiuJQ-MZL-2013-357-8B,0.00001,P. davidiana-N,P. davidiana-N,0.00229322291535892
LiuJQ-MZL-2013-357,LiuJQ-MZL-2013-357-9B,0.00001,P. davidiana-N,P. davidiana-N,0.00727071197113797
LiuJQ-MZL-2013-361,LiuJQ-MZL-2013-361-10B,0.00001,P. davidiana-N,P. davidiana-N,0.00274722689906174
LiuJQ-MZL-2013-361,LiuJQ-MZL-2013-361-1B,0.00001,P. davidiana-N,P. davidiana-N,0.0046379689704089
LiuJQ-MZL-2013-361,LiuJQ-MZL-2013-361-5B,0.00001,P. davidiana-N,P. davidiana-N,0.000694278982078111
LiuJQ-MZL-2013-361,LiuJQ-MZL-2013-361-6B,0.00001,P. davidiana-N,P. davidiana-N,0.000750604480237623
LiuJQ-MZL-2013-398,LiuJQ-MZL-2013-398-11B,0.04342,P. davidiana-N,P. davidiana-N,0.0737619186538946
LiuJQ-MZL-2013-398,LiuJQ-MZL-2013-398-12B,0.023458,P. davidiana-N,P. davidiana-N,0.0476870397259235
LiuJQ-MZL-2013-398,LiuJQ-MZL-2013-398-14B,0.100445,P. davidiana-N,P. davidiana-N,0.143620022803681
LiuJQ-MZL-2013-398,LiuJQ-MZL-2013-398-25B,0.029385,P. davidiana-N,P. davidiana-N,0.054961635545635
LiuJQ-MZL-2013-422,LiuJQ-MZL-2013-422-1B,0.142004,BCd,admixed,0.195042382933322
LiuJQ-MZL-2013-422,LiuJQ-MZL-2013-422-5B,0.121609,BCd,admixed,0.171345558892389
LiuJQ-MZL-2013-425,LiuJQ-MZL-2013-425-16B,0.264858,P. davidiana-S,admixed,0.289863940238687
LiuJQ-MZL-2013-425,LiuJQ-MZL-2013-425-3B,0.258674,P. davidiana-S,admixed,0.304018249614697
LiuJQ-QTP-2013-102,LiuJQ-QTP-2013-102-2B,0.99999,P. rotundifolia,P. rotundifolia,0.977739864315311
LiuJQ-QTP-2013-102,LiuJQ-QTP-2013-102-5B,0.99999,P. rotundifolia,P. rotundifolia,0.97560483115144
LiuJQ-QTP-2013-102,LiuJQ-QTP-2013-102-6B,0.99999,P. rotundifolia,P. rotundifolia,0.977504375076028
LiuJQ-QTP-2013-196,LiuJQ-QTP-2013-196-1C,0.99999,P. rotundifolia,P. rotundifolia,0.959845053675066
LiuJQ-QTP-2013-210,LiuJQ-QTP-2013-210-12B,0.993632,P. rotundifolia,P. rotundifolia,0.96148130800335
LiuJQ-QTP-2013-210,LiuJQ-QTP-2013-210-14B,0.989512,P. rotundifolia,P. rotundifolia,0.965023969066233
LiuJQ-QTP-2013-210,LiuJQ-QTP-2013-210-15B,0.996441,P. rotundifolia,P. rotundifolia,0.970640617213515
LiuJQ-QTP-2013-210,LiuJQ-QTP-2013-210-16B,0.974977,P. rotundifolia,P. rotundifolia,0.961149013916042
LZQ-106,LZQ-106-4C,0.99999,P. rotundifolia,P. rotundifolia,0.992523040653626
LZQ-106,LZQ-106-7C,0.99999,P. rotundifolia,P. rotundifolia,0.99954275686089
LZQ-117,LZQ-117-3B,0.99999,P. rotundifolia,P. rotundifolia,0.999589007332595
LZQ-117,LZQ-117-5B,0.99999,P. rotundifolia,P. rotundifolia,0.999511421880206
LZQ-117,LZQ-117-6C,0.99999,P. rotundifolia,P. rotundifolia,0.999610051729485
LZQ-81,LZQ-81-1B,0.99999,P. rotundifolia,P. rotundifolia,0.999486822086657
LZQ-81,LZQ-81-4B,0.99999,P. rotundifolia,P. rotundifolia,0.999633305876985
LZQ-81,LZQ-81-5B,0.99999,P. rotundifolia,P. rotundifolia,0.99923214577475
LZQ-98,LZQ-98-3C,0.99999,P. rotundifolia,P. rotundifolia,0.999733944835085
LZQ-98,LZQ-98-4C,0.99999,P. rotundifolia,P. rotundifolia,0.999662171287911
MaoKS-CX-2014-120,MaoKS-CX-2014-120-1B,0.99999,P. rotundifolia,P. rotundifolia,0.998869159062858
MaoKS-CX-2014-120,MaoKS-CX-2014-120-2B,0.99999,P. rotundifolia,P. rotundifolia,0.998865329176655
MaoKS-CX-2014-120,MaoKS-CX-2014-120-3B,0.99999,P. rotundifolia,P. rotundifolia,0.99918185899382
MaoKS-CX-2014-120,MaoKS-CX-2014-120-4B,0.99999,P. rotundifolia,P. rotundifolia,0.999466809880426
MaoKS-CX-2014-120,MaoKS-CX-2014-120-5B,0.99999,P. rotundifolia,P. rotundifolia,0.999430300534951
MaoKS-CX-2014-120,MaoKS-CX-2014-120-6B,0.99999,P. rotundifolia,P. rotundifolia,0.999246916780488
MaoKS-CX-2014-120,MaoKS-CX-2014-120-7B,0.99999,P. rotundifolia,P. rotundifolia,0.999413844085823
MaoKS-CX-2014-120,MaoKS-CX-2014-120-8B,0.99999,P. rotundifolia,P. rotundifolia,0.999269430317299
MaoKS-CX-2014-188,MaoKS-CX-2014-188-8B,0.991968,P. rotundifolia,P. rotundifolia,0.94828008874729
MaoKS-CX-2014-198,MaoKS-CX-2014-198-11B,0.853954,BCr,admixed,0.802438927
MaoKS-CX-2014-198,MaoKS-CX-2014-198-4B,0.883097,BCr,admixed,0.838253891412301
MaoKS-CX-2014-198,MaoKS-CX-2014-198-5B,0.882786,BCr,admixed,0.844424536150459
MaoKS-CX-2014-198,MaoKS-CX-2014-198-6B,0.8871,BCr,admixed,0.843932077621241
MaoKS-CX-2014-198,MaoKS-CX-2014-198-9B,0.894148,BCr,admixed,0.850991635654093
MaoKS-CX-2014-204,MaoKS-CX-2014-204-1B,0.79797,BCr,admixed,0.742821413071434
MaoKS-CX-2014-204,MaoKS-CX-2014-204-2B,0.839466,BCr,admixed,0.784527743757246
MaoKS-CX-2014-204,MaoKS-CX-2014-204-4B,0.880632,BCr,admixed,0.836878690289577
MaoKS-CX-2014-204,MaoKS-CX-2014-204-5B,0.865969,BCr,admixed,0.8493272373224
MaoKS-CX-2014-222,MaoKS-CX-2014-222-B1C,0.843564,BCr,admixed,0.823301404309465
MaoKS-CX-2014-222,MaoKS-CX-2014-222-B2B,0.904703,BCr,admixed,0.88511255605233
MaoKS-CX-2014-222,MaoKS-CX-2014-222-B3C,0.915437,BCr,admixed,0.880126629971501
MaoKS-CX-2014-222,MaoKS-CX-2014-222-B7B,0.889251,BCr,admixed,0.844930381202566
MaoKS-CX-2014-222,MaoKS-CX-2014-222-B8C,0.90739,BCr,admixed,0.868699139375833
MaoKS-CX-2014-222,MaoKS-CX-2014-222-B9C,0.899178,BCr,admixed,0.860339719186469
MaoKS-CX-2014-234,MaoKS-CX-2014-234-1B,0.836227,BCr,admixed,0.800148609636196
MaoKS-CX-2014-234,MaoKS-CX-2014-234-2B,0.811292,BCr,admixed,0.781968274546652
MaoKS-CX-2014-234,MaoKS-CX-2014-234-5B,0.841915,BCr,admixed,0.828156329495737
MaoKS-CX-2014-234,MaoKS-CX-2014-234-8B,0.812464,BCr,admixed,0.765695276488713
MaoKS-CX-2014-234,MaoKS-CX-2014-234-9B,0.844447,BCr,admixed,0.819960639360023
MaoKS-CX-2014-253,MaoKS-CX-2014-253-1B,0.99999,P. rotundifolia,P. rotundifolia,0.997896777727734
MaoKS-CX-2014-253,MaoKS-CX-2014-253-2B,0.99999,P. rotundifolia,P. rotundifolia,0.993489734389853
MaoKS-CX-2014-253,MaoKS-CX-2014-253-3B,0.99999,P. rotundifolia,P. rotundifolia,0.993113652408335
MaoKS-CX-2014-253,MaoKS-CX-2014-253-4B,0.99999,P. rotundifolia,P. rotundifolia,0.992880136786481
MaoKS-CX-2014-253,MaoKS-CX-2014-253-5B,0.99999,P. rotundifolia,P. rotundifolia,0.995814265076149
MaoKS-CX-2014-32,MaoKS-CX-2014-32-11B,0.37236,BCr,admixed,0.370929634736352
MaoKS-CX-2014-32,MaoKS-CX-2014-32-13B,0.419219,BCr,admixed,0.444977141582224
MaoKS-CX-2014-44,MaoKS-CX-2014-44-1B,0.575658,BCr,admixed,0.565809611541381
MaoKS-CX-2014-44,MaoKS-CX-2014-44-2B,0.527623,BCr,admixed,0.534626401299254
MaoKS-CX-2014-44,MaoKS-CX-2014-44-3B,0.529255,BCr,admixed,0.518990631073009
MaoKS-CX-2014-44,MaoKS-CX-2014-44-4B,0.526175,BCr,admixed,0.536280726359143
MaoKS-CX-2014-44,MaoKS-CX-2014-44-6B,0.542389,BCr,admixed,0.534381515780077
MaoKS-CX-2014-44,MaoKS-CX-2014-44-7B,0.512094,BCr,admixed,0.488971352552869
MaoKS-CX-2014-44,MaoKS-CX-2014-44-8B,0.522913,BCr,admixed,0.533449787478932
MaoKS-CX-2014-67,MaoKS-CX-2014-67-10C,0.768519,BCr,admixed,0.760980868884553
MaoKS-CX-2014-67,MaoKS-CX-2014-67-13C,0.659699,BCr,admixed,0.654392096712623
MaoKS-CX-2014-67,MaoKS-CX-2014-67-15B,0.689822,BCr,admixed,0.664881180548354
MaoKS-CX-2014-67,MaoKS-CX-2014-67-1C,0.800306,BCr,admixed,0.782971736207403
MaoKS-CX-2014-67,MaoKS-CX-2014-67-3C,0.797665,BCr,admixed,0.766343578371221
MaoKS-CX-2014-67,MaoKS-CX-2014-67-6C,0.692624,BCr,admixed,0.680143208418426
MaoKS-CX-2014-67,MaoKS-CX-2014-67-7C,0.777519,BCr,admixed,0.768046970557757
MaoKS-CX-2014-99,MaoKS-CX-2014-99-A1B,0.684944,BCr,admixed,0.67214707181397
MaoKS-CX-2014-99,MaoKS-CX-2014-99-A9B,0.752916,BCr,admixed,0.761443447625565
MaoKS-CX-2014-99,MaoKS-CX-2014-99-B13B,0.796549,BCr,admixed,0.764840149190162
MaoKS-CX-2014-99,MaoKS-CX-2014-99-B16B,0.708004,BCr,admixed,0.67116823939041
MaoKS-CX-2014-99,MaoKS-CX-2014-99-B1B,0.704829,BCr,admixed,0.678737919271324
MaoKS-CX-2014-99,pda01-a_HVN5MCCXX_L5,0.731482,BCr,admixed,0.698176258850958
pda2,pda02-a_HVN5MCCXX_L7,0.264492,P. davidiana-S,admixed,0.303145931775119
pda2,pda02-b_HVLKJCCXX_L6,0.268861,P. davidiana-S,admixed,0.309462589742993
pda4,pda04-a_HVLKJCCXX_L1,0.267167,P. davidiana-S,admixed,0.315237265591649
LiuJQ-MZL-2013-042+43,pda05-a_HVLKJCCXX_L1,0.27533,P. davidiana-S,admixed,0.310217016416015
LiuJQ-MZL-2013-082,pda06-a_HNF2MCCXX_L6,0.246232,P. davidiana-S,admixed,0.283779937304419
LiuJQ-MZL-2013-082,pda06-b_HVLKJCCXX_L6,0.264584,P. davidiana-S,admixed,0.309351418360058
LiuJQ-MZL-2013-167,pda08-a_HVLKJCCXX_L1,0.164577,BCd,admixed,0.206407470274009
LiuJQ-MZL-2013-221,pda11-a_HNHNCCCXX_L5,0.008765,P. davidiana-N,P. davidiana-N,0.0400888833219617
LiuJQ-MZL-2013-221,pda11-b_HNHNCCCXX_L4,0.00001,P. davidiana-N,P. davidiana-N,0.00442682831095357
LiuJQ-MZL-2013-247,pda12-a_HNHNCCCXX_L3,0.00001,P. davidiana-N,P. davidiana-N,0.00172604456177001
LiuJQ-MZL-2013-247,Pda12-b_HW5NLCCXX_L7,0.00001,P. davidiana-N,P. davidiana-N,0.00221330656106564
LiuJQ-MZL-2013-313,pda13-a_HNHNCCCXX_L7,0.00001,P. davidiana-N,P. davidiana-N,0.0256332587478198
LiuJQ-MZL-2013-361,Pda15-b_HVLVNCCXX_L5,0.00001,P. davidiana-N,P. davidiana-N,0.00109973466869533
LiuJQ-QTP-2013-102,pro01-a_HVNHGCCXX_L8,0.83953,P. rotundifolia,P. rotundifolia,0.796291981774867
ZLP20-15,pro02-b_HVN5MCCXX_L4,0.99999,P. rotundifolia,P. rotundifolia,0.96569202524782
ZLP20-17,pro03-a_HVNHGCCXX_L8,0.99999,P. rotundifolia,P. rotundifolia,0.968836812966187
ZLP20-17,pro03-b_HVN5MCCXX_L4,0.99999,P. rotundifolia,P. rotundifolia,0.978271323871061
ZLP20-08,pro04-a_HNG5YCCXX_L6,0.99999,P. rotundifolia,P. rotundifolia,0.966541249664539
ZLP20-08,pro04-b_HVN5MCCXX_L5,0.99999,P. rotundifolia,P. rotundifolia,0.991681618154955
MaoKS-CX-2014-204,pro06-a_HVN5MCCXX_L3,0.932638,BCr,admixed,0.885374362675069
ZLP20-07,pro07-a_HVN5MCCXX_L3,0.99999,P. rotundifolia,P. rotundifolia,0.99945810911748
ZLP20-07,pro07-b_HVN5MCCXX_L4,0.99999,P. rotundifolia,P. rotundifolia,0.999465153553154
ZLP20-03,pro08-a_HVNHGCCXX_L8,0.99999,P. rotundifolia,P. rotundifolia,0.999602309361552
ZLP20-03,pro08-b_HVN5MCCXX_L4,0.99999,P. rotundifolia,P. rotundifolia,0.999538019647077
pro9,pro09-a_HVN5MCCXX_L3,0.701312,BCr,admixed,0.674237503724283
ZLP20-16,pro10-a_HVN5MCCXX_L3,0.99999,P. rotundifolia,P. rotundifolia,0.976567045975928
ZLP20-16,pro10-b_HVN5MCCXX_L5,0.99999,P. rotundifolia,P. rotundifolia,0.971443173886695
ZLP20-21,pro-11-a_HNG5YCCXX_L2,0.905539,BCr,admixed,0.864624904007383
ZLP20-09,pro12-a_HVN5MCCXX_L3,0.953141,BCr,admixed,0.898490022916047
pro13,pro13-a_HVN5MCCXX_L3,0.99999,P. rotundifolia,P. rotundifolia,0.990536298589609
pro13,pro13-b_HVNHGCCXX_L8,0.99999,P. rotundifolia,P. rotundifolia,0.999354065567914
pro14,pro14-a_HVN5MCCXX_L4,0.959718,BCr,admixed,0.908983717318664
pro14,pro14-b_HVN5MCCXX_L5,0.937553,BCr,admixed,0.907051194792425
ZLP20-24,pro15-a_HVN5MCCXX_L4,0.880427,BCr,admixed,0.855749722145853
ZLP20-24,pro15-b_HNG5YCCXX_L1,0.900971,BCr,admixed,0.867109806561089
hanguo,TN1410D3187.trimmomatic.,0.012847,P. davidiana-N,P. davidiana-N,0.0143149513683821
hanguo,TN1410D3189.trimmomatic.,0.017271,P. davidiana-N,P. davidiana-N,0.00928064223457861
hanguo,TN1410D3190.trimmomatic.,0.022406,P. davidiana-N,P. davidiana-N,0.0468381512927877
hanguo,TN1410D3191.trimmomatic.,0.020763,P. davidiana-N,P. davidiana-N,0.0195194288254728
hanguo,TN1410D3192.trimmomatic.,0.019133,P. davidiana-N,P. davidiana-N,0.0266024083766873
hanguo,TN1410D3194.trimmomatic.,0.028326,P. davidiana-N,P. davidiana-N,0.0555600682820613
hanguo,TN1410D3590.trimmomatic.,0.023337,P. davidiana-N,P. davidiana-N,0.0352934336101498
ZLP20-16,V300061124_L3_BIOmubRAAAB-659_merge.,0.99999,P. rotundifolia,P. rotundifolia,0.968064967668804
xls,xls-10B,0.266652,P. davidiana-S,admixed,0.285582038515221
xls,xls-3B,0.268798,P. davidiana-S,admixed,0.318476819787567
xls,xls-6B,0.262272,P. davidiana-S,admixed,0.295618694346419
ZXX2020-HZ-SY,ZL2020-SXHZ,0.289249,P. davidiana-S,admixed,0.32012556786538
ZLP20-02,ZLP20-02-2B,0.99999,P. rotundifolia,P. rotundifolia,0.999446210616336
ZLP20-02,ZLP20-02-4B,0.99999,P. rotundifolia,P. rotundifolia,0.99243894441375
ZLP20-02,ZLP20-02-5B,0.99999,P. rotundifolia,P. rotundifolia,0.999562341249517
ZLP20-03,ZLP20-03-2B,0.99999,P. rotundifolia,P. rotundifolia,0.999680330812729
ZLP20-03,ZLP20-03-3B,0.99999,P. rotundifolia,P. rotundifolia,0.999736023950618
ZLP20-03,ZLP20-03-4B,0.99999,P. rotundifolia,P. rotundifolia,0.999582041856674
ZLP20-03,ZLP20-03-5B,0.99999,P. rotundifolia,P. rotundifolia,0.999524928867882
ZLP20-04,ZLP20-04-1NA,0.99999,P. rotundifolia,P. rotundifolia,0.999691335162946
ZLP20-04,ZLP20-04-2B,0.99999,P. rotundifolia,P. rotundifolia,0.999629891430251
ZLP20-04,ZLP20-04-3B,0.99999,P. rotundifolia,P. rotundifolia,0.999675520750465
ZLP20-04,ZLP20-04-4B,0.99999,P. rotundifolia,P. rotundifolia,0.999689504445568
ZLP20-04,ZLP20-04-5B,0.99999,P. rotundifolia,P. rotundifolia,0.999721732395592
ZLP20-07,ZLP20-07-1NA,0.99999,P. rotundifolia,P. rotundifolia,0.99740806393039
ZLP20-07,ZLP20-07-2B,0.99999,P. rotundifolia,P. rotundifolia,0.999324562030381
ZLP20-07,ZLP20-07-3B,0.99999,P. rotundifolia,P. rotundifolia,0.999515840304128
ZLP20-07,ZLP20-07-4B,0.99999,P. rotundifolia,P. rotundifolia,0.9994871109044
ZLP20-07,ZLP20-07-5B,0.99999,P. rotundifolia,P. rotundifolia,0.999134675511468
ZLP20-08,ZLP20-08-1NA,0.99999,P. rotundifolia,P. rotundifolia,0.980427976039165
ZLP20-08,ZLP20-08-2B,0.99999,P. rotundifolia,P. rotundifolia,0.980394452077041
ZLP20-08,ZLP20-08-3B,0.99999,P. rotundifolia,P. rotundifolia,0.97280178853317
ZLP20-08,ZLP20-08-5B,0.99999,P. rotundifolia,P. rotundifolia,0.994499489586665
ZLP20-09,ZLP20-09-10B,0.924555,BCr,admixed,0.88058221702993
ZLP20-09,ZLP20-09-1NA,0.953366,BCr,admixed,0.910213703664858
ZLP20-09,ZLP20-09-2B,0.953166,BCr,admixed,0.913653752254676
ZLP20-09,ZLP20-09-3B,0.929975,BCr,admixed,0.881796492930927
ZLP20-09,ZLP20-09-4B,0.950311,BCr,admixed,0.903879819267533
ZLP20-09,ZLP20-09-5B,0.940677,BCr,admixed,0.905137809958906
ZLP20-09,ZLP20-09-6B,0.958887,BCr,admixed,0.922298904010635
ZLP20-09,ZLP20-09-7B,0.960068,BCr,admixed,0.908468559644242
ZLP20-09,ZLP20-09-8B,0.952653,BCr,admixed,0.90825286318223
ZLP20-09,ZLP20-09-9B,0.947066,BCr,admixed,0.908732184824302
ZLP20-10,ZLP20-10-10B,0.937971,BCr,admixed,0.901770926500768
ZLP20-10,ZLP20-10-14B,0.964168,BCr,admixed,0.910923699028803
ZLP20-10,ZLP20-10-1NA,0.956078,BCr,admixed,0.920452495101638
ZLP20-10,ZLP20-10-2B,0.933761,BCr,admixed,0.884715897624833
ZLP20-10,ZLP20-10-4B,0.914385,BCr,admixed,0.871626252999812
ZLP20-10,ZLP20-10-7B,0.920563,BCr,admixed,0.874331515718906
ZLP20-15,ZLP20-15-1NA,0.99999,P. rotundifolia,P. rotundifolia,0.983532137915812
ZLP20-15,ZLP20-15-4B,0.99999,P. rotundifolia,P. rotundifolia,0.974550472535181
ZLP20-15,ZLP20-15-5B,0.99999,P. rotundifolia,P. rotundifolia,0.968255828935587
ZLP20-16,ZLP20-16-2B,0.99999,P. rotundifolia,P. rotundifolia,0.980496530681237
ZLP20-16,ZLP20-16-4B,0.99999,P. rotundifolia,P. rotundifolia,0.979889457976585
ZLP20-17,ZLP20-17-1NA,0.988148,P. rotundifolia,P. rotundifolia,0.96463142125397
ZLP20-17,ZLP20-17-5B,0.99999,P. rotundifolia,P. rotundifolia,0.985011332913934
ZLP20-21,ZLP20-21-2B,0.749872,BCr,admixed,0.677515060260454
ZLP20-21,ZLP20-21-5B,0.851893,BCr,admixed,0.78869706121321
ZLP20-23,ZLP20-23-4B,0.684486,BCr,admixed,0.64686189456191
ZLP20-23,ZLP20-23-5B,0.602092,BCr,admixed,0.588971427295209
ZLP20-24,ZLP20-24-15C,0.865344,BCr,admixed,0.835952325906231
ZLP20-24,ZLP20-24-1NA,0.817469,BCr,admixed,0.792098989892425
ZLP20-24,ZLP20-24-3B,0.832358,BCr,admixed,0.804274645480549
ZLP20-24,ZLP20-24-7C,0.797228,BCr,admixed,0.77217631509344
ZLP20-24,ZLP20-24-8B,0.852121,BCr,admixed,0.836475299881097
LiuJQ-MZL-2013-136,ZSP194c-L,0.240846,P. davidiana-S,admixed,0.303415809579907
LiuJQ-MZL-2013-425,ZSP196a-L,0.25714,P. davidiana-S,admixed,0.300715646406161
ZXX2020-HZ-SY,ZXX2020-HZ-SY-1B,0.258197,P. davidiana-S,admixed,0.310756437875984
ZXX2020-HZ-SY,ZXX2020-HZ-SY-2C,0.284658,P. davidiana-S,admixed,0.34469412902828
ZXX2020-HZ-SY,ZXX2020-HZ-SY-3B,0.253919,P. davidiana-S,admixed,0.319615202275654
ZXX2020-HZ-SY,ZXX2020-HZ-SY-5B,0.259332,P. davidiana-S,admixed,0.317132262785618
