pl,mig,script,rep,lineage,n_founding,n_final,persistence,fitness_end,fitness_lag
0.5,1e-06,with,01,pdav-N,50000,10,0.0002,0.001,6.26201
0.5,1e-06,with,02,pdav-N,50000,10,0.0002,0.001,6.26927
0.5,1e-06,with,03,pdav-N,50000,10,0.0002,0.001,6.33681
0.5,1e-06,with,04,pdav-N,50000,10,0.0002,0.001,6.1985
0.5,1e-06,with,05,pdav-N,50000,10,0.0002,0.001,6.27382
0.5,1e-06,with,06,pdav-N,50000,10,0.0002,0.001,6.29858
0.5,1e-06,with,07,pdav-N,50000,10,0.0002,0.001,6.2987
0.5,1e-06,with,08,pdav-N,50000,10,0.0002,0.001,6.255
0.5,1e-06,with,09,pdav-N,50000,10,0.0002,0.001,6.28249
0.5,1e-06,with,10,pdav-N,50000,10,0.0002,0.001,6.32261
0.5,1e-06,with,01,mixed,30000,2902,0.09673333333333334,0.0417245,4.77434
0.5,1e-06,with,02,mixed,30000,2902,0.09673333333333334,0.0418682,4.77141
0.5,1e-06,with,03,mixed,30000,2898,0.0966,0.041981,4.76949
0.5,1e-06,with,04,mixed,30000,2902,0.09673333333333334,0.0418965,4.77115
0.5,1e-06,with,05,mixed,30000,2901,0.0967,0.041827,4.77258
0.5,1e-06,with,06,mixed,30000,2904,0.0968,0.0420249,4.76906
0.5,1e-06,with,07,mixed,30000,2900,0.09666666666666666,0.0417697,4.77345
0.5,1e-06,with,08,mixed,30000,2900,0.09666666666666666,0.0418367,4.77216
0.5,1e-06,with,09,mixed,30000,2899,0.09663333333333333,0.0418641,4.77202
0.5,1e-06,with,10,mixed,30000,2897,0.09656666666666666,0.0419848,4.76936
0.5,1e-06,with,01,rot,20000,2833,0.14165,0.063462,3.63257
0.5,1e-06,with,02,rot,20000,2838,0.1419,0.0638556,3.62821
0.5,1e-06,with,03,rot,20000,2831,0.14155,0.0638678,3.62839
0.5,1e-06,with,04,rot,20000,2834,0.1417,0.0638245,3.62839
0.5,1e-06,with,05,rot,20000,2826,0.1413,0.0635995,3.63105
0.5,1e-06,with,06,rot,20000,2836,0.1418,0.0637519,3.62956
0.5,1e-06,with,07,rot,20000,2835,0.14175,0.0636774,3.63016
0.5,1e-06,with,08,rot,20000,2832,0.1416,0.0635153,3.63199
0.5,1e-06,with,09,rot,20000,2837,0.14185,0.0638403,3.62828
0.5,1e-06,with,10,rot,20000,2830,0.1415,0.0634089,3.633
0.5,1e-06,without,01,pdav-N,50000,10,0.0002,0.001,6.2339
0.5,1e-06,without,02,pdav-N,50000,10,0.0002,0.001,6.28184
0.5,1e-06,without,03,pdav-N,50000,10,0.0002,0.001,6.24616
0.5,1e-06,without,04,pdav-N,50000,10,0.0002,0.001,6.27979
0.5,1e-06,without,05,pdav-N,50000,10,0.0002,0.001,6.29498
0.5,1e-06,without,06,pdav-N,50000,10,0.0002,0.001,6.25876
0.5,1e-06,without,07,pdav-N,50000,10,0.0002,0.001,6.29375
0.5,1e-06,without,08,pdav-N,50000,10,0.0002,0.001,6.27562
0.5,1e-06,without,09,pdav-N,50000,10,0.0002,0.001,6.22658
0.5,1e-06,without,10,pdav-N,50000,10,0.0002,0.001,6.30733
0.5,1e-06,without,01,mixed,30000,2900,0.09666666666666666,0.0420572,4.76822
0.5,1e-06,without,02,mixed,30000,2900,0.09666666666666666,0.0418632,4.772
0.5,1e-06,without,03,mixed,30000,2899,0.09663333333333333,0.041887,4.77129
0.5,1e-06,without,04,mixed,30000,2905,0.09683333333333333,0.042021,4.76882
0.5,1e-06,without,05,mixed,30000,2898,0.0966,0.0419289,4.77067
0.5,1e-06,without,06,mixed,30000,2900,0.09666666666666666,0.0420311,4.76877
0.5,1e-06,without,07,mixed,30000,2902,0.09673333333333334,0.0420487,4.76826
0.5,1e-06,without,08,mixed,30000,2901,0.0967,0.0421139,4.76735
0.5,1e-06,without,09,mixed,30000,2899,0.09663333333333333,0.0419775,4.76945
0.5,1e-06,without,10,mixed,30000,2895,0.0965,0.0419861,4.76934
0.5,1e-06,without,01,rot,20000,2833,0.14165,0.0638787,3.62802
0.5,1e-06,without,02,rot,20000,2838,0.1419,0.0637767,3.62892
0.5,1e-06,without,03,rot,20000,2833,0.14165,0.0634051,3.63287
0.5,1e-06,without,04,rot,20000,2835,0.14175,0.0640347,3.6262
0.5,1e-06,without,05,rot,20000,2836,0.1418,0.0634496,3.63241
0.5,1e-06,without,06,rot,20000,2835,0.14175,0.0640093,3.62655
0.5,1e-06,without,07,rot,20000,2837,0.14185,0.0639219,3.6277
0.5,1e-06,without,08,rot,20000,2833,0.14165,0.0638182,3.62863
0.5,1e-06,without,09,rot,20000,2831,0.14155,0.0635964,3.6311
0.5,1e-06,without,10,rot,20000,2832,0.1416,0.0634093,3.633
0.5,1e-05,with,01,pdav-N,50000,10,0.0002,0.001,6.28268
0.5,1e-05,with,02,pdav-N,50000,10,0.0002,0.001,6.28035
0.5,1e-05,with,03,pdav-N,50000,10,0.0002,0.001,6.3214
0.5,1e-05,with,04,pdav-N,50000,10,0.0002,0.001,6.30631
0.5,1e-05,with,05,pdav-N,50000,10,0.0002,0.001,6.33499
0.5,1e-05,with,06,pdav-N,50000,10,0.0002,0.001,6.2429
0.5,1e-05,with,07,pdav-N,50000,10,0.0002,0.001,6.26833
0.5,1e-05,with,08,pdav-N,50000,10,0.0002,0.001,6.27388
0.5,1e-05,with,09,pdav-N,50000,10,0.0002,0.001,6.32778
0.5,1e-05,with,10,pdav-N,50000,10,0.0002,0.001,6.27161
0.5,1e-05,with,01,mixed,30000,2894,0.09646666666666667,0.0418814,4.77135
0.5,1e-05,with,02,mixed,30000,2899,0.09663333333333333,0.0419315,4.77052
0.5,1e-05,with,03,mixed,30000,2903,0.09676666666666667,0.0419921,4.76961
0.5,1e-05,with,04,mixed,30000,2901,0.0967,0.0420221,4.76922
0.5,1e-05,with,05,mixed,30000,2898,0.0966,0.0420115,4.76895
0.5,1e-05,with,06,mixed,30000,2902,0.09673333333333334,0.0419545,4.77009
0.5,1e-05,with,07,mixed,30000,2907,0.0969,0.0420301,4.76885
0.5,1e-05,with,08,mixed,30000,2902,0.09673333333333334,0.0421016,4.76756
0.5,1e-05,with,09,mixed,30000,2895,0.0965,0.0419436,4.77037
0.5,1e-05,with,10,mixed,30000,2901,0.0967,0.0418471,4.77219
0.5,1e-05,with,01,rot,20000,2835,0.14175,0.0638228,3.62897
0.5,1e-05,with,02,rot,20000,2838,0.1419,0.0639995,3.62708
0.5,1e-05,with,03,rot,20000,2838,0.1419,0.063822,3.6285
0.5,1e-05,with,04,rot,20000,2838,0.1419,0.0636069,3.63096
0.5,1e-05,with,05,rot,20000,2836,0.1418,0.0634235,3.63293
0.5,1e-05,with,06,rot,20000,2835,0.14175,0.0636486,3.63016
0.5,1e-05,with,07,rot,20000,2835,0.14175,0.0635352,3.63157
0.5,1e-05,with,08,rot,20000,2843,0.14215,0.0638256,3.62844
0.5,1e-05,with,09,rot,20000,2844,0.1422,0.0637523,3.62955
0.5,1e-05,with,10,rot,20000,2837,0.14185,0.064128,3.6258
0.5,1e-05,without,01,pdav-N,50000,10,0.0002,0.001,6.27898
0.5,1e-05,without,02,pdav-N,50000,10,0.0002,0.001,6.23427
0.5,1e-05,without,03,pdav-N,50000,10,0.0002,0.001,6.21791
0.5,1e-05,without,04,pdav-N,50000,10,0.0002,0.001,6.29125
0.5,1e-05,without,05,pdav-N,50000,10,0.0002,0.001,6.25757
0.5,1e-05,without,06,pdav-N,50000,10,0.0002,0.001,6.19784
0.5,1e-05,without,07,pdav-N,50000,10,0.0002,0.001,6.20857
0.5,1e-05,without,08,pdav-N,50000,10,0.0002,0.001,6.19815
0.5,1e-05,without,09,pdav-N,50000,10,0.0002,0.001,6.30102
0.5,1e-05,without,10,pdav-N,50000,10,0.0002,0.001,6.22793
0.5,1e-05,without,01,mixed,30000,2904,0.0968,0.0419738,4.76963
0.5,1e-05,without,02,mixed,30000,2899,0.09663333333333333,0.0420403,4.76866
0.5,1e-05,without,03,mixed,30000,2899,0.09663333333333333,0.041879,4.77129
0.5,1e-05,without,04,mixed,30000,2905,0.09683333333333333,0.0418046,4.7728
0.5,1e-05,without,05,mixed,30000,2896,0.09653333333333333,0.0420616,4.76806
0.5,1e-05,without,06,mixed,30000,2897,0.09656666666666666,0.0418627,4.77149
0.5,1e-05,without,07,mixed,30000,2905,0.09683333333333333,0.0419579,4.77007
0.5,1e-05,without,08,mixed,30000,2902,0.09673333333333334,0.0417785,4.77333
0.5,1e-05,without,09,mixed,30000,2900,0.09666666666666666,0.0418776,4.77167
0.5,1e-05,without,10,mixed,30000,2899,0.09663333333333333,0.0420686,4.76842
0.5,1e-05,without,01,rot,20000,2831,0.14155,0.0637957,3.62908
0.5,1e-05,without,02,rot,20000,2840,0.142,0.0639442,3.62747
0.5,1e-05,without,03,rot,20000,2833,0.14165,0.0634876,3.6322
0.5,1e-05,without,04,rot,20000,2827,0.14135,0.0637459,3.62968
0.5,1e-05,without,05,rot,20000,2838,0.1419,0.0633641,3.63344
0.5,1e-05,without,06,rot,20000,2837,0.14185,0.0636634,3.63017
0.5,1e-05,without,07,rot,20000,2836,0.1418,0.0636947,3.62993
0.5,1e-05,without,08,rot,20000,2843,0.14215,0.063511,3.63187
0.5,1e-05,without,09,rot,20000,2827,0.14135,0.0638452,3.62861
0.5,1e-05,without,10,rot,20000,2836,0.1418,0.0639228,3.62758
0.5,0.0001,with,01,pdav-N,50000,10,0.0002,0.001,6.30506
0.5,0.0001,with,02,pdav-N,50000,10,0.0002,0.001,6.2231
0.5,0.0001,with,03,pdav-N,50000,10,0.0002,0.001,6.24191
0.5,0.0001,with,04,pdav-N,50000,10,0.0002,0.001,6.24796
0.5,0.0001,with,05,pdav-N,50000,10,0.0002,0.001,6.30519
0.5,0.0001,with,06,pdav-N,50000,10,0.0002,0.001,6.29218
0.5,0.0001,with,07,pdav-N,50000,10,0.0002,0.001,6.26892
0.5,0.0001,with,08,pdav-N,50000,10,0.0002,0.001,6.29331
0.5,0.0001,with,09,pdav-N,50000,10,0.0002,0.001,6.20476
0.5,0.0001,with,10,pdav-N,50000,10,0.0002,0.001,6.27109
0.5,0.0001,with,01,mixed,30000,2900,0.09666666666666666,0.0419481,4.77018
0.5,0.0001,with,02,mixed,30000,2894,0.09646666666666667,0.0418798,4.77114
0.5,0.0001,with,03,mixed,30000,2903,0.09676666666666667,0.0418789,4.77142
0.5,0.0001,with,04,mixed,30000,2896,0.09653333333333333,0.042049,4.76836
0.5,0.0001,with,05,mixed,30000,2901,0.0967,0.0420412,4.76885
0.5,0.0001,with,06,mixed,30000,2897,0.09656666666666666,0.0418845,4.77148
0.5,0.0001,with,07,mixed,30000,2899,0.09663333333333333,0.041925,4.7706
0.5,0.0001,with,08,mixed,30000,2902,0.09673333333333334,0.0419342,4.77025
0.5,0.0001,with,09,mixed,30000,2908,0.09693333333333333,0.0418974,4.77124
0.5,0.0001,with,10,mixed,30000,2899,0.09663333333333333,0.0418686,4.77164
0.5,0.0001,with,01,rot,20000,2838,0.1419,0.0636242,3.6306
0.5,0.0001,with,02,rot,20000,2829,0.14145,0.0638781,3.62812
0.5,0.0001,with,03,rot,20000,2834,0.1417,0.0635554,3.63165
0.5,0.0001,with,04,rot,20000,2839,0.14195,0.0637868,3.62914
0.5,0.0001,with,05,rot,20000,2836,0.1418,0.0637023,3.63
0.5,0.0001,with,06,rot,20000,2835,0.14175,0.0634721,3.63212
0.5,0.0001,with,07,rot,20000,2830,0.1415,0.0636031,3.63071
0.5,0.0001,with,08,rot,20000,2833,0.14165,0.0635243,3.63179
0.5,0.0001,with,09,rot,20000,2841,0.14205,0.0636098,3.63076
0.5,0.0001,with,10,rot,20000,2835,0.14175,0.0637653,3.62933
0.5,0.0001,without,01,pdav-N,50000,10,0.0002,0.001,6.3147
0.5,0.0001,without,02,pdav-N,50000,10,0.0002,0.001,6.28485
0.5,0.0001,without,03,pdav-N,50000,10,0.0002,0.001,6.27438
0.5,0.0001,without,04,pdav-N,50000,10,0.0002,0.001,6.31399
0.5,0.0001,without,05,pdav-N,50000,10,0.0002,0.001,6.21998
0.5,0.0001,without,06,pdav-N,50000,10,0.0002,0.001,6.25242
0.5,0.0001,without,07,pdav-N,50000,10,0.0002,0.001,6.24764
0.5,0.0001,without,08,pdav-N,50000,10,0.0002,0.001,6.29621
0.5,0.0001,without,09,pdav-N,50000,10,0.0002,0.001,6.25745
0.5,0.0001,without,10,pdav-N,50000,10,0.0002,0.001,6.27568
0.5,0.0001,without,01,mixed,30000,2893,0.09643333333333333,0.0418229,4.77235
0.5,0.0001,without,02,mixed,30000,2899,0.09663333333333333,0.0420206,4.76884
0.5,0.0001,without,03,mixed,30000,2892,0.0964,0.041835,4.77241
0.5,0.0001,without,04,mixed,30000,2900,0.09666666666666666,0.041904,4.77103
0.5,0.0001,without,05,mixed,30000,2900,0.09666666666666666,0.0420236,4.76876
0.5,0.0001,without,06,mixed,30000,2898,0.0966,0.0417949,4.77311
0.5,0.0001,without,07,mixed,30000,2894,0.09646666666666667,0.0417963,4.77289
0.5,0.0001,without,08,mixed,30000,2901,0.0967,0.0418414,4.7721
0.5,0.0001,without,09,mixed,30000,2904,0.0968,0.0418917,4.77109
0.5,0.0001,without,10,mixed,30000,2904,0.0968,0.0420348,4.7686
0.5,0.0001,without,01,rot,20000,2827,0.14135,0.0636714,3.63004
0.5,0.0001,without,02,rot,20000,2826,0.1413,0.0637569,3.62913
0.5,0.0001,without,03,rot,20000,2831,0.14155,0.0635897,3.63073
0.5,0.0001,without,04,rot,20000,2824,0.1412,0.0635579,3.63138
0.5,0.0001,without,05,rot,20000,2836,0.1418,0.0638055,3.62912
0.5,0.0001,without,06,rot,20000,2832,0.1416,0.0638065,3.62879
0.5,0.0001,without,07,rot,20000,2839,0.14195,0.0635293,3.6316
0.5,0.0001,without,08,rot,20000,2834,0.1417,0.0639107,3.62781
0.5,0.0001,without,09,rot,20000,2831,0.14155,0.0637257,3.6299
0.5,0.0001,without,10,rot,20000,2832,0.1416,0.0636399,3.63069
1,1e-06,with,01,pdav-N,50000,10,0.0002,0.001444,6.33839
1,1e-06,with,02,pdav-N,50000,10,0.0002,0.00145689,6.32806
1,1e-06,with,03,pdav-N,50000,10,0.0002,0.00154233,6.25489
1,1e-06,with,04,pdav-N,50000,10,0.0002,0.00159231,6.21598
1,1e-06,with,05,pdav-N,50000,10,0.0002,0.00152435,6.26084
1,1e-06,with,06,pdav-N,50000,10,0.0002,0.0014535,6.32583
1,1e-06,with,07,pdav-N,50000,10,0.0002,0.00154124,6.25625
1,1e-06,with,08,pdav-N,50000,10,0.0002,0.00150671,6.28514
1,1e-06,with,09,pdav-N,50000,10,0.0002,0.00152488,6.26375
1,1e-06,with,10,pdav-N,50000,10,0.0002,0.00150717,6.28066
1,1e-06,with,01,mixed,30000,16682,0.5560666666666667,0.449691,4.77061
1,1e-06,with,02,mixed,30000,16683,0.5561,0.449512,4.7718
1,1e-06,with,03,mixed,30000,16680,0.556,0.449794,4.76992
1,1e-06,with,04,mixed,30000,16686,0.5562,0.449727,4.77037
1,1e-06,with,05,mixed,30000,16682,0.5560666666666667,0.449703,4.77051
1,1e-06,with,06,mixed,30000,16684,0.5561333333333334,0.449616,4.77111
1,1e-06,with,07,mixed,30000,16681,0.5560333333333334,0.449796,4.7699
1,1e-06,with,08,mixed,30000,16680,0.556,0.449783,4.77
1,1e-06,with,09,mixed,30000,16678,0.5559333333333333,0.449545,4.77157
1,1e-06,with,10,mixed,30000,16679,0.5559666666666667,0.449704,4.77052
1,1e-06,with,01,rot,20000,12235,0.61175,0.499811,3.63054
1,1e-06,with,02,rot,20000,12241,0.61205,0.499837,3.63042
1,1e-06,with,03,rot,20000,12246,0.6123,0.49989,3.63014
1,1e-06,with,04,rot,20000,12242,0.6121,0.499789,3.63066
1,1e-06,with,05,rot,20000,12237,0.61185,0.500188,3.62857
1,1e-06,with,06,rot,20000,12243,0.61215,0.499452,3.63245
1,1e-06,with,07,rot,20000,12239,0.61195,0.499868,3.63027
1,1e-06,with,08,rot,20000,12242,0.6121,0.49981,3.63056
1,1e-06,with,09,rot,20000,12244,0.6122,0.499852,3.63035
1,1e-06,with,10,rot,20000,12241,0.61205,0.499929,3.62995
1,1e-06,without,01,pdav-N,50000,10,0.0002,0.00150876,6.27841
1,1e-06,without,02,pdav-N,50000,10,0.0002,0.00156203,6.23235
1,1e-06,without,03,pdav-N,50000,10,0.0002,0.00149482,6.28584
1,1e-06,without,04,pdav-N,50000,10,0.0002,0.00149788,6.28426
1,1e-06,without,05,pdav-N,50000,10,0.0002,0.00154234,6.24624
1,1e-06,without,06,pdav-N,50000,10,0.0002,0.00154912,6.24747
1,1e-06,without,07,pdav-N,50000,10,0.0002,0.0014899,6.28765
1,1e-06,without,08,pdav-N,50000,10,0.0002,0.00148719,6.29319
1,1e-06,without,09,pdav-N,50000,10,0.0002,0.00147866,6.29941
1,1e-06,without,10,pdav-N,50000,10,0.0002,0.00146158,6.32355
1,1e-06,without,01,mixed,30000,16681,0.5560333333333334,0.450012,4.76847
1,1e-06,without,02,mixed,30000,16681,0.5560333333333334,0.449579,4.77135
1,1e-06,without,03,mixed,30000,16679,0.5559666666666667,0.44974,4.77028
1,1e-06,without,04,mixed,30000,16683,0.5561,0.449776,4.77004
1,1e-06,without,05,mixed,30000,16680,0.556,0.449817,4.76977
1,1e-06,without,06,mixed,30000,16687,0.5562333333333334,0.449817,4.76975
1,1e-06,without,07,mixed,30000,16676,0.5558666666666666,0.449755,4.77018
1,1e-06,without,08,mixed,30000,16681,0.5560333333333334,0.449632,4.771
1,1e-06,without,09,mixed,30000,16678,0.5559333333333333,0.449549,4.77154
1,1e-06,without,10,mixed,30000,16680,0.556,0.449849,4.76956
1,1e-06,without,01,rot,20000,12235,0.61175,0.49984,3.6304
1,1e-06,without,02,rot,20000,12243,0.61215,0.499742,3.63092
1,1e-06,without,03,rot,20000,12241,0.61205,0.499978,3.62968
1,1e-06,without,04,rot,20000,12244,0.6122,0.499744,3.6309
1,1e-06,without,05,rot,20000,12242,0.6121,0.49954,3.63198
1,1e-06,without,06,rot,20000,12236,0.6118,0.499933,3.62994
1,1e-06,without,07,rot,20000,12245,0.61225,0.499983,3.62965
1,1e-06,without,08,rot,20000,12243,0.61215,0.499886,3.63017
1,1e-06,without,09,rot,20000,12244,0.6122,0.499939,3.62989
1,1e-06,without,10,rot,20000,12243,0.61215,0.499825,3.63049
1,1e-05,with,01,pdav-N,50000,10,0.0002,0.00156132,6.2374
1,1e-05,with,02,pdav-N,50000,10,0.0002,0.00150937,6.27251
1,1e-05,with,03,pdav-N,50000,10,0.0002,0.00158282,6.22488
1,1e-05,with,04,pdav-N,50000,10,0.0002,0.00151221,6.27529
1,1e-05,with,05,pdav-N,50000,10,0.0002,0.00153144,6.2645
1,1e-05,with,06,pdav-N,50000,10,0.0002,0.00153452,6.25832
1,1e-05,with,07,pdav-N,50000,10,0.0002,0.00146532,6.31165
1,1e-05,with,08,pdav-N,50000,10,0.0002,0.00157454,6.22502
1,1e-05,with,09,pdav-N,50000,10,0.0002,0.00152579,6.27002
1,1e-05,with,10,pdav-N,50000,10,0.0002,0.00154907,6.24351
1,1e-05,with,01,mixed,30000,16682,0.5560666666666667,0.449888,4.7693
1,1e-05,with,02,mixed,30000,16683,0.5561,0.449803,4.76986
1,1e-05,with,03,mixed,30000,16681,0.5560333333333334,0.449753,4.77019
1,1e-05,with,04,mixed,30000,16680,0.556,0.44978,4.77001
1,1e-05,with,05,mixed,30000,16681,0.5560333333333334,0.449605,4.77118
1,1e-05,with,06,mixed,30000,16676,0.5558666666666666,0.449736,4.77031
1,1e-05,with,07,mixed,30000,16684,0.5561333333333334,0.449669,4.77075
1,1e-05,with,08,mixed,30000,16683,0.5561,0.450076,4.76805
1,1e-05,with,09,mixed,30000,16679,0.5559666666666667,0.449676,4.77071
1,1e-05,with,10,mixed,30000,16680,0.556,0.4497,4.77054
1,1e-05,with,01,rot,20000,12234,0.6117,0.499927,3.62995
1,1e-05,with,02,rot,20000,12242,0.6121,0.499455,3.63243
1,1e-05,with,03,rot,20000,12235,0.61175,0.500063,3.62923
1,1e-05,with,04,rot,20000,12235,0.61175,0.499846,3.63038
1,1e-05,with,05,rot,20000,12240,0.612,0.499831,3.63044
1,1e-05,with,06,rot,20000,12242,0.6121,0.500102,3.62902
1,1e-05,with,07,rot,20000,12238,0.6119,0.499568,3.63183
1,1e-05,with,08,rot,20000,12244,0.6122,0.499895,3.63012
1,1e-05,with,09,rot,20000,12246,0.6123,0.499928,3.62994
1,1e-05,with,10,rot,20000,12235,0.61175,0.499762,3.63082
1,1e-05,without,01,pdav-N,50000,10,0.0002,0.00154291,6.24998
1,1e-05,without,02,pdav-N,50000,10,0.0002,0.00153862,6.25664
1,1e-05,without,03,pdav-N,50000,10,0.0002,0.00149276,6.30542
1,1e-05,without,04,pdav-N,50000,10,0.0002,0.00157296,6.23916
1,1e-05,without,05,pdav-N,50000,10,0.0002,0.00157052,6.23148
1,1e-05,without,06,pdav-N,50000,10,0.0002,0.00161536,6.19891
1,1e-05,without,07,pdav-N,50000,10,0.0002,0.00151964,6.26574
1,1e-05,without,08,pdav-N,50000,10,0.0002,0.00146149,6.32402
1,1e-05,without,09,pdav-N,50000,10,0.0002,0.0015384,6.25532
1,1e-05,without,10,pdav-N,50000,10,0.0002,0.00150998,6.28753
1,1e-05,without,01,mixed,30000,16685,0.5561666666666667,0.44986,4.76949
1,1e-05,without,02,mixed,30000,16680,0.556,0.44989,4.76928
1,1e-05,without,03,mixed,30000,16684,0.5561333333333334,0.449888,4.7693
1,1e-05,without,04,mixed,30000,16680,0.556,0.44977,4.77008
1,1e-05,without,05,mixed,30000,16678,0.5559333333333333,0.449841,4.76961
1,1e-05,without,06,mixed,30000,16676,0.5558666666666666,0.449746,4.77023
1,1e-05,without,07,mixed,30000,16686,0.5562,0.449636,4.77097
1,1e-05,without,08,mixed,30000,16683,0.5561,0.449751,4.77021
1,1e-05,without,09,mixed,30000,16682,0.5560666666666667,0.449634,4.77099
1,1e-05,without,10,mixed,30000,16681,0.5560333333333334,0.449789,4.76996
1,1e-05,without,01,rot,20000,12234,0.6117,0.499945,3.62986
1,1e-05,without,02,rot,20000,12242,0.6121,0.500071,3.6292
1,1e-05,without,03,rot,20000,12239,0.61195,0.499829,3.63047
1,1e-05,without,04,rot,20000,12239,0.61195,0.50002,3.62947
1,1e-05,without,05,rot,20000,12237,0.61185,0.5,3.62957
1,1e-05,without,06,rot,20000,12242,0.6121,0.499808,3.63058
1,1e-05,without,07,rot,20000,12235,0.61175,0.499741,3.63092
1,1e-05,without,08,rot,20000,12242,0.6121,0.500056,3.62929
1,1e-05,without,09,rot,20000,12239,0.61195,0.499969,3.62973
1,1e-05,without,10,rot,20000,12240,0.612,0.49971,3.6311
1,0.0001,with,01,pdav-N,50000,10,0.0002,0.00150769,6.27978
1,0.0001,with,02,pdav-N,50000,10,0.0002,0.00153549,6.25656
1,0.0001,with,03,pdav-N,50000,10,0.0002,0.00144035,6.3405
1,0.0001,with,04,pdav-N,50000,10,0.0002,0.00154541,6.25056
1,0.0001,with,05,pdav-N,50000,10,0.0002,0.00151993,6.27065
1,0.0001,with,06,pdav-N,50000,10,0.0002,0.00160127,6.21155
1,0.0001,with,07,pdav-N,50000,10,0.0002,0.0015105,6.27328
1,0.0001,with,08,pdav-N,50000,10,0.0002,0.0015367,6.25676
1,0.0001,with,09,pdav-N,50000,10,0.0002,0.00148329,6.30212
1,0.0001,with,10,pdav-N,50000,10,0.0002,0.00148427,6.30184
1,0.0001,with,01,mixed,30000,16679,0.5559666666666667,0.450094,4.76793
1,0.0001,with,02,mixed,30000,16677,0.5559,0.449687,4.77064
1,0.0001,with,03,mixed,30000,16676,0.5558666666666666,0.449623,4.77106
1,0.0001,with,04,mixed,30000,16685,0.5561666666666667,0.449723,4.77039
1,0.0001,with,05,mixed,30000,16683,0.5561,0.449664,4.77079
1,0.0001,with,06,mixed,30000,16682,0.5560666666666667,0.449864,4.76946
1,0.0001,with,07,mixed,30000,16685,0.5561666666666667,0.449749,4.77022
1,0.0001,with,08,mixed,30000,16682,0.5560666666666667,0.449855,4.76951
1,0.0001,with,09,mixed,30000,16677,0.5559,0.450095,4.76794
1,0.0001,with,10,mixed,30000,16680,0.556,0.449934,4.76899
1,0.0001,with,01,rot,20000,12233,0.61165,0.499782,3.63071
1,0.0001,with,02,rot,20000,12240,0.612,0.499943,3.62986
1,0.0001,with,03,rot,20000,12240,0.612,0.500086,3.62912
1,0.0001,with,04,rot,20000,12236,0.6118,0.50004,3.62936
1,0.0001,with,05,rot,20000,12241,0.61205,0.499909,3.63004
1,0.0001,with,06,rot,20000,12240,0.612,0.499879,3.63021
1,0.0001,with,07,rot,20000,12238,0.6119,0.5002,3.62852
1,0.0001,with,08,rot,20000,12237,0.61185,0.500155,3.62877
1,0.0001,with,09,rot,20000,12240,0.612,0.499733,3.63098
1,0.0001,with,10,rot,20000,12241,0.61205,0.499608,3.63162
1,0.0001,without,01,pdav-N,50000,10,0.0002,0.00156211,6.24282
1,0.0001,without,02,pdav-N,50000,10,0.0002,0.00157832,6.23181
1,0.0001,without,03,pdav-N,50000,10,0.0002,0.00150951,6.27996
1,0.0001,without,04,pdav-N,50000,10,0.0002,0.00156396,6.23913
1,0.0001,without,05,pdav-N,50000,10,0.0002,0.00151397,6.27096
1,0.0001,without,06,pdav-N,50000,10,0.0002,0.00154939,6.24512
1,0.0001,without,07,pdav-N,50000,10,0.0002,0.00155461,6.24173
1,0.0001,without,08,pdav-N,50000,10,0.0002,0.00153296,6.26052
1,0.0001,without,09,pdav-N,50000,10,0.0002,0.00143956,6.34718
1,0.0001,without,10,pdav-N,50000,10,0.0002,0.00148926,6.29515
1,0.0001,without,01,mixed,30000,16682,0.5560666666666667,0.449998,4.76857
1,0.0001,without,02,mixed,30000,16678,0.5559333333333333,0.449763,4.77013
1,0.0001,without,03,mixed,30000,16683,0.5561,0.449541,4.77161
1,0.0001,without,04,mixed,30000,16682,0.5560666666666667,0.449781,4.77001
1,0.0001,without,05,mixed,30000,16676,0.5558666666666666,0.449854,4.76953
1,0.0001,without,06,mixed,30000,16690,0.5563333333333333,0.44963,4.77101
1,0.0001,without,07,mixed,30000,16680,0.556,0.449632,4.771
1,0.0001,without,08,mixed,30000,16678,0.5559333333333333,0.449754,4.77018
1,0.0001,without,09,mixed,30000,16678,0.5559333333333333,0.449741,4.77028
1,0.0001,without,10,mixed,30000,16679,0.5559666666666667,0.449781,4.77001
1,0.0001,without,01,rot,20000,12243,0.61215,0.500027,3.62943
1,0.0001,without,02,rot,20000,12242,0.6121,0.499928,3.62993
1,0.0001,without,03,rot,20000,12241,0.61205,0.500088,3.6291
1,0.0001,without,04,rot,20000,12240,0.612,0.4999,3.63008
1,0.0001,without,05,rot,20000,12238,0.6119,0.499742,3.63093
1,0.0001,without,06,rot,20000,12244,0.6122,0.499645,3.63144
1,0.0001,without,07,rot,20000,12241,0.61205,0.499876,3.63023
1,0.0001,without,08,rot,20000,12239,0.61195,0.499791,3.63066
1,0.0001,without,09,rot,20000,12240,0.612,0.499714,3.63107
1,0.0001,without,10,rot,20000,12241,0.61205,0.499772,3.63077
2,1e-06,with,01,pdav-N,50000,11633,0.23266,0.151263,6.26981
2,1e-06,with,02,pdav-N,50000,11641,0.23282,0.151259,6.26993
2,1e-06,with,03,pdav-N,50000,11629,0.23258,0.151206,6.27045
2,1e-06,with,04,pdav-N,50000,11633,0.23266,0.151408,6.26826
2,1e-06,with,05,pdav-N,50000,11636,0.23272,0.151435,6.26795
2,1e-06,with,06,pdav-N,50000,11637,0.23274,0.151356,6.26883
2,1e-06,with,07,pdav-N,50000,11639,0.23278,0.151493,6.26735
2,1e-06,with,08,pdav-N,50000,11638,0.23276,0.151291,6.26953
2,1e-06,with,09,pdav-N,50000,11641,0.23282,0.151473,6.26752
2,1e-06,with,10,pdav-N,50000,11633,0.23266,0.151347,6.26892
2,1e-06,with,01,mixed,30000,25902,0.8634,0.818781,4.76999
2,1e-06,with,02,mixed,30000,25903,0.8634333333333334,0.818679,4.77149
2,1e-06,with,03,mixed,30000,25902,0.8634,0.818743,4.77055
2,1e-06,with,04,mixed,30000,25903,0.8634333333333334,0.818775,4.77009
2,1e-06,with,05,mixed,30000,25904,0.8634666666666667,0.818789,4.76988
2,1e-06,with,06,mixed,30000,25902,0.8634,0.818783,4.76997
2,1e-06,with,07,mixed,30000,25902,0.8634,0.818761,4.77028
2,1e-06,with,08,mixed,30000,25904,0.8634666666666667,0.818807,4.76962
2,1e-06,with,09,mixed,30000,25904,0.8634666666666667,0.818785,4.76993
2,1e-06,with,10,mixed,30000,25902,0.8634,0.818804,4.76965
2,1e-06,with,01,rot,20000,17688,0.8844,0.840642,3.63066
2,1e-06,with,02,rot,20000,17686,0.8843,0.840623,3.63092
2,1e-06,with,03,rot,20000,17685,0.88425,0.840708,3.62984
2,1e-06,with,04,rot,20000,17686,0.8843,0.840614,3.63102
2,1e-06,with,05,rot,20000,17687,0.88435,0.840699,3.62997
2,1e-06,with,06,rot,20000,17684,0.8842,0.840631,3.6308
2,1e-06,with,07,rot,20000,17686,0.8843,0.840607,3.63108
2,1e-06,with,08,rot,20000,17687,0.88435,0.840742,3.62943
2,1e-06,with,09,rot,20000,17687,0.88435,0.840662,3.63041
2,1e-06,with,10,rot,20000,17687,0.88435,0.840676,3.63026
2,1e-06,without,01,pdav-N,50000,11633,0.23266,0.151394,6.26839
2,1e-06,without,02,pdav-N,50000,11635,0.2327,0.151365,6.26873
2,1e-06,without,03,pdav-N,50000,11628,0.23256,0.151408,6.26827
2,1e-06,without,04,pdav-N,50000,11634,0.23268,0.151415,6.2682
2,1e-06,without,05,pdav-N,50000,11634,0.23268,0.151397,6.26836
2,1e-06,without,06,pdav-N,50000,11636,0.23272,0.151422,6.26814
2,1e-06,without,07,pdav-N,50000,11634,0.23268,0.151386,6.26851
2,1e-06,without,08,pdav-N,50000,11638,0.23276,0.151432,6.26799
2,1e-06,without,09,pdav-N,50000,11640,0.2328,0.151446,6.26781
2,1e-06,without,10,pdav-N,50000,11638,0.23276,0.151449,6.26779
2,1e-06,without,01,mixed,30000,25903,0.8634333333333334,0.818751,4.77043
2,1e-06,without,02,mixed,30000,25903,0.8634333333333334,0.818753,4.7704
2,1e-06,without,03,mixed,30000,25902,0.8634,0.81879,4.76986
2,1e-06,without,04,mixed,30000,25904,0.8634666666666667,0.818779,4.77003
2,1e-06,without,05,mixed,30000,25904,0.8634666666666667,0.818785,4.76995
2,1e-06,without,06,mixed,30000,25902,0.8634,0.818747,4.77049
2,1e-06,without,07,mixed,30000,25902,0.8634,0.81871,4.77103
2,1e-06,without,08,mixed,30000,25903,0.8634333333333334,0.818798,4.76975
2,1e-06,without,09,mixed,30000,25903,0.8634333333333334,0.818754,4.77038
2,1e-06,without,10,mixed,30000,25902,0.8634,0.818777,4.77005
2,1e-06,without,01,rot,20000,17687,0.88435,0.840721,3.62968
2,1e-06,without,02,rot,20000,17688,0.8844,0.840713,3.62978
2,1e-06,without,03,rot,20000,17686,0.8843,0.840681,3.63017
2,1e-06,without,04,rot,20000,17686,0.8843,0.840609,3.63109
2,1e-06,without,05,rot,20000,17687,0.88435,0.840707,3.62987
2,1e-06,without,06,rot,20000,17685,0.88425,0.840738,3.62949
2,1e-06,without,07,rot,20000,17687,0.88435,0.840695,3.63
2,1e-06,without,08,rot,20000,17688,0.8844,0.840688,3.63008
2,1e-06,without,09,rot,20000,17686,0.8843,0.84066,3.63044
2,1e-06,without,10,rot,20000,17689,0.88445,0.840591,3.63131
2,1e-05,with,01,pdav-N,50000,11637,0.23274,0.151381,6.26855
2,1e-05,with,02,pdav-N,50000,11629,0.23258,0.151343,6.26903
2,1e-05,with,03,pdav-N,50000,11639,0.23278,0.151442,6.26785
2,1e-05,with,04,pdav-N,50000,11640,0.2328,0.15154,6.26683
2,1e-05,with,05,pdav-N,50000,11633,0.23266,0.151321,6.26918
2,1e-05,with,06,pdav-N,50000,11632,0.23264,0.15139,6.26842
2,1e-05,with,07,pdav-N,50000,11637,0.23274,0.151323,6.26922
2,1e-05,with,08,pdav-N,50000,11635,0.2327,0.151395,6.26841
2,1e-05,with,09,pdav-N,50000,11635,0.2327,0.151425,6.26805
2,1e-05,with,10,pdav-N,50000,11637,0.23274,0.151368,6.26868
2,1e-05,with,01,mixed,30000,25902,0.8634,0.818718,4.77092
2,1e-05,with,02,mixed,30000,25903,0.8634333333333334,0.818813,4.76952
2,1e-05,with,03,mixed,30000,25904,0.8634666666666667,0.818813,4.76954
2,1e-05,with,04,mixed,30000,25901,0.8633666666666666,0.818806,4.76963
2,1e-05,with,05,mixed,30000,25901,0.8633666666666666,0.8187,4.77118
2,1e-05,with,06,mixed,30000,25901,0.8633666666666666,0.818743,4.77054
2,1e-05,with,07,mixed,30000,25903,0.8634333333333334,0.818775,4.7701
2,1e-05,with,08,mixed,30000,25903,0.8634333333333334,0.818679,4.77148
2,1e-05,with,09,mixed,30000,25902,0.8634,0.818759,4.77032
2,1e-05,with,10,mixed,30000,25902,0.8634,0.818678,4.77149
2,1e-05,with,01,rot,20000,17686,0.8843,0.840601,3.63119
2,1e-05,with,02,rot,20000,17685,0.88425,0.840715,3.62975
2,1e-05,with,03,rot,20000,17688,0.8844,0.84067,3.63031
2,1e-05,with,04,rot,20000,17688,0.8844,0.840727,3.62958
2,1e-05,with,05,rot,20000,17687,0.88435,0.84065,3.63056
2,1e-05,with,06,rot,20000,17687,0.88435,0.84071,3.62982
2,1e-05,with,07,rot,20000,17687,0.88435,0.840562,3.63164
2,1e-05,with,08,rot,20000,17688,0.8844,0.840599,3.63121
2,1e-05,with,09,rot,20000,17688,0.8844,0.840723,3.62968
2,1e-05,with,10,rot,20000,17687,0.88435,0.84079,3.62882
2,1e-05,without,01,pdav-N,50000,11637,0.23274,0.151326,6.26912
2,1e-05,without,02,pdav-N,50000,11631,0.23262,0.151331,6.26915
2,1e-05,without,03,pdav-N,50000,11629,0.23258,0.15141,6.26824
2,1e-05,without,04,pdav-N,50000,11630,0.2326,0.151297,6.26951
2,1e-05,without,05,pdav-N,50000,11629,0.23258,0.151363,6.26877
2,1e-05,without,06,pdav-N,50000,11629,0.23258,0.151407,6.26825
2,1e-05,without,07,pdav-N,50000,11637,0.23274,0.15124,6.27008
2,1e-05,without,08,pdav-N,50000,11634,0.23268,0.151438,6.26793
2,1e-05,without,09,pdav-N,50000,11642,0.23284,0.151296,6.26946
2,1e-05,without,10,pdav-N,50000,11633,0.23266,0.151424,6.26808
2,1e-05,without,01,mixed,30000,25902,0.8634,0.818734,4.77067
2,1e-05,without,02,mixed,30000,25902,0.8634,0.818804,4.76965
2,1e-05,without,03,mixed,30000,25903,0.8634333333333334,0.818726,4.7708
2,1e-05,without,04,mixed,30000,25903,0.8634333333333334,0.818803,4.76968
2,1e-05,without,05,mixed,30000,25902,0.8634,0.818721,4.77088
2,1e-05,without,06,mixed,30000,25902,0.8634,0.818737,4.77064
2,1e-05,without,07,mixed,30000,25903,0.8634333333333334,0.818799,4.76974
2,1e-05,without,08,mixed,30000,25903,0.8634333333333334,0.818707,4.77108
2,1e-05,without,09,mixed,30000,25905,0.8635,0.818839,4.76915
2,1e-05,without,10,mixed,30000,25902,0.8634,0.818758,4.77034
2,1e-05,without,01,rot,20000,17686,0.8843,0.840611,3.63106
2,1e-05,without,02,rot,20000,17686,0.8843,0.840681,3.63019
2,1e-05,without,03,rot,20000,17687,0.88435,0.84071,3.62981
2,1e-05,without,04,rot,20000,17685,0.88425,0.840654,3.63052
2,1e-05,without,05,rot,20000,17686,0.8843,0.840648,3.63058
2,1e-05,without,06,rot,20000,17687,0.88435,0.840709,3.62984
2,1e-05,without,07,rot,20000,17687,0.88435,0.840561,3.63168
2,1e-05,without,08,rot,20000,17688,0.8844,0.84056,3.63171
2,1e-05,without,09,rot,20000,17688,0.8844,0.840692,3.63005
2,1e-05,without,10,rot,20000,17685,0.88425,0.840672,3.63031
2,0.0001,with,01,pdav-N,50000,11634,0.23268,0.151311,6.26931
2,0.0001,with,02,pdav-N,50000,11637,0.23274,0.151406,6.26828
2,0.0001,with,03,pdav-N,50000,11633,0.23266,0.151434,6.26793
2,0.0001,with,04,pdav-N,50000,11642,0.23284,0.151358,6.26879
2,0.0001,with,05,pdav-N,50000,11636,0.23272,0.151385,6.26851
2,0.0001,with,06,pdav-N,50000,11640,0.2328,0.151307,6.26941
2,0.0001,with,07,pdav-N,50000,11631,0.23262,0.151496,6.26729
2,0.0001,with,08,pdav-N,50000,11641,0.23282,0.151356,6.26884
2,0.0001,with,09,pdav-N,50000,11632,0.23264,0.151256,6.26988
2,0.0001,with,10,pdav-N,50000,11635,0.2327,0.151461,6.26766
2,0.0001,with,01,mixed,30000,25902,0.8634,0.8188,4.76972
2,0.0001,with,02,mixed,30000,25903,0.8634333333333334,0.818728,4.77077
2,0.0001,with,03,mixed,30000,25903,0.8634333333333334,0.818709,4.77104
2,0.0001,with,04,mixed,30000,25902,0.8634,0.818776,4.77007
2,0.0001,with,05,mixed,30000,25902,0.8634,0.818768,4.77018
2,0.0001,with,06,mixed,30000,25902,0.8634,0.818803,4.76968
2,0.0001,with,07,mixed,30000,25901,0.8633666666666666,0.818748,4.77047
2,0.0001,with,08,mixed,30000,25902,0.8634,0.818754,4.77038
2,0.0001,with,09,mixed,30000,25901,0.8633666666666666,0.818795,4.7698
2,0.0001,with,10,mixed,30000,25902,0.8634,0.818763,4.77026
2,0.0001,with,01,rot,20000,17687,0.88435,0.840645,3.63063
2,0.0001,with,02,rot,20000,17688,0.8844,0.84061,3.63107
2,0.0001,with,03,rot,20000,17685,0.88425,0.840611,3.63106
2,0.0001,with,04,rot,20000,17687,0.88435,0.840728,3.62959
2,0.0001,with,05,rot,20000,17686,0.8843,0.840743,3.6294
2,0.0001,with,06,rot,20000,17686,0.8843,0.84061,3.63106
2,0.0001,with,07,rot,20000,17687,0.88435,0.840668,3.63035
2,0.0001,with,08,rot,20000,17687,0.88435,0.840631,3.63081
2,0.0001,with,09,rot,20000,17686,0.8843,0.840685,3.63013
2,0.0001,with,10,rot,20000,17686,0.8843,0.840646,3.63062
2,0.0001,without,01,pdav-N,50000,11636,0.23272,0.151397,6.26834
2,0.0001,without,02,pdav-N,50000,11637,0.23274,0.15137,6.26868
2,0.0001,without,03,pdav-N,50000,11634,0.23268,0.151185,6.27072
2,0.0001,without,04,pdav-N,50000,11642,0.23284,0.151534,6.26689
2,0.0001,without,05,pdav-N,50000,11635,0.2327,0.15141,6.26824
2,0.0001,without,06,pdav-N,50000,11637,0.23274,0.151335,6.26907
2,0.0001,without,07,pdav-N,50000,11631,0.23262,0.151522,6.26701
2,0.0001,without,08,pdav-N,50000,11635,0.2327,0.151297,6.26949
2,0.0001,without,09,pdav-N,50000,11631,0.23262,0.151336,6.26904
2,0.0001,without,10,pdav-N,50000,11633,0.23266,0.151474,6.2675
2,0.0001,without,01,mixed,30000,25903,0.8634333333333334,0.818813,4.76952
2,0.0001,without,02,mixed,30000,25904,0.8634666666666667,0.818742,4.77057
2,0.0001,without,03,mixed,30000,25903,0.8634333333333334,0.81866,4.77176
2,0.0001,without,04,mixed,30000,25902,0.8634,0.818778,4.77004
2,0.0001,without,05,mixed,30000,25903,0.8634333333333334,0.818757,4.77034
2,0.0001,without,06,mixed,30000,25902,0.8634,0.81868,4.77147
2,0.0001,without,07,mixed,30000,25901,0.8633666666666666,0.81874,4.77059
2,0.0001,without,08,mixed,30000,25902,0.8634,0.818762,4.77028
2,0.0001,without,09,mixed,30000,25902,0.8634,0.81881,4.76958
2,0.0001,without,10,mixed,30000,25901,0.8633666666666666,0.818813,4.76953
2,0.0001,without,01,rot,20000,17686,0.8843,0.840735,3.6295
2,0.0001,without,02,rot,20000,17687,0.88435,0.840605,3.63114
2,0.0001,without,03,rot,20000,17689,0.88445,0.840582,3.63143
2,0.0001,without,04,rot,20000,17687,0.88435,0.840695,3.63001
2,0.0001,without,05,rot,20000,17686,0.8843,0.840678,3.63021
2,0.0001,without,06,rot,20000,17686,0.8843,0.840704,3.62988
2,0.0001,without,07,rot,20000,17687,0.88435,0.84067,3.63032
2,0.0001,without,08,rot,20000,17687,0.88435,0.840706,3.62987
2,0.0001,without,09,rot,20000,17687,0.88435,0.840632,3.6308
2,0.0001,without,10,rot,20000,17686,0.8843,0.840651,3.63055
