pop,kinship,lon,lat,bio1,bio2,bio3,bio4,bio5,bio6,bio7,bio8,bio9,bio10,bio11,bio12,bio13,bio14,bio15,bio16,bio17,bio18,bio19

BSS,pdav-N,127.9166667,43.96666667,1.408333421,12.21666718,24.98295784,1355.604248,23.29999924,-25.60000038,48.90000153,17.16666603,-16.36666679,17.16666603,-16.36666679,673,176,3,103.2576294,433,15,433,15

GDS,mixed,111.9266667,38.25,6.291666508,14.13333321,32.3417244,1096.649536,26.39999962,-17.29999924,43.69999695,17.38333321,-7.966666698,19.10000038,-7.966666698,451,121,2,108.8746872,296,9,289,9

hanguo,pdav-N,128.4,37.1,7.104166508,10.5583334,28.4591198,992.8275757,24.5,-12.60000038,37.09999847,18.95000076,-5.616666794,18.95000076,-5.616666794,1399,320,33,81.39616394,757,109,757,109

HH,pdav-N,127.8666667,50.4,-0.037499946,12.25833321,21.28182793,1706.798096,26.5,-31.10000038,57.59999847,19.41666603,-17.98333359,19.41666603,-22.56666565,537,127,5,96.88633728,330,19,330,21

HM,pdav-N,127.1,52.2,-1.779166818,13.67500019,23.45626068,1687.835449,25.89999962,-32.40000153,58.30000305,17.88333321,-23.45000076,17.88333321,-23.45000076,510,126,4,98.38289642,317,17,317,17

hybrid03,mixed,103.63,32.53,5.724999905,11.46666718,37.47276688,671.8850708,20,-10.60000038,30.60000038,12.16666698,-3.016666651,13.63333321,-3.016666651,710,114,3,76.36171722,328,16,316,16

hybrid13-15,mixed,100.35,28.35,3.845833302,12.5583334,43.45444107,600.6831665,15.80000019,-13.10000038,28.90000153,10.73333359,-3.916666746,10.73333359,-3.916666746,670,145,3,88.32402802,376,17,376,17

JSZ,pdav-N,127.3166667,43.25,3.625,12.03333282,24.16332054,1383.548584,25.29999924,-24.5,49.79999924,19.48333359,-14.85000038,19.48333359,-14.85000038,683,177,5,99.89041138,430,21,430,21

KMC,Prot,103.2833333,25.46666667,14.85833359,10.76666641,47.01601028,461.0750122,24.39999962,1.5,22.89999962,19.73333359,8.633333206,19.73333359,8.633333206,903,172,12,83.50322723,495,39,495,39

LHS,pdav-N,124.8166667,44.78333333,4.591666698,11.5,22.59332085,1484.013062,27.5,-23.39999962,50.90000153,21.66666603,-14.91666698,21.66666603,-14.91666698,500,163,2,118.1438217,349,9,349,9

LiuJQ-MZL-2013-042+43,mixed,110.2974333,31.471,6.358333111,7.816666603,27.0472908,772.7072754,20.29999924,-8.600000381,28.89999962,15.64999962,-3.416666746,15.64999962,-3.416666746,1310,213,20,63.07371521,565,71,565,71

LiuJQ-MZL-2013-082,mixed,111.8500556,33.94915,13.55000019,11.03333282,31.43399811,893.9086914,30,-5.099999905,35.09999847,22.98333359,2,24.33333397,2,708,141,7,72.07249451,352,28,323,28

LiuJQ-MZL-2013-099,mixed,110.9376,35.92536667,7.900000095,11.0666666,30.15440369,949.7105103,25.20000076,-11.5,36.70000076,17.88333321,-4.316666603,19.21666718,-4.316666603,543,119,3,89.95088196,317,12,294,12

LiuJQ-MZL-2013-115,mixed,112.0744,38.85555,2.987499952,13.24166679,31.60302353,1063.574829,22.39999962,-19.5,41.90000153,15.48333359,-10.76666641,15.48333359,-10.76666641,477,127,2,110.4821091,312,9,312,9

LiuJQ-MZL-2013-117,mixed,111.2848333,38.21626667,5.845833302,13.27500057,30.8720932,1100.781616,25.60000038,-17.39999962,43,16.98333359,-8.583333015,18.64999962,-8.583333015,499,123,4,101.4290543,317,14,300,14

LiuJQ-MZL-2013-136,mixed,111.2645667,37.20483333,6.766666412,12.30000019,30.82706833,1015.138428,25.29999924,-14.60000038,39.90000153,17.28333282,-6.416666508,18.70000076,-6.416666508,500,119,2,99.73942566,313,9,296,9

LiuJQ-MZL-2013-142,mixed,113.4846667,38.95088333,2.316666603,13.08333302,31.60225487,1061.359253,21.39999962,-20,41.40000153,14.80000019,-11.35000038,14.80000019,-11.35000038,518,146,4,105.7267609,332,17,332,17

LiuJQ-MZL-2013-152,mixed,113.8048639,39.57789722,3.275000095,13.26666641,30.85271263,1116.792236,23.20000076,-19.79999924,43,16.38333321,-11.16666603,16.38333321,-11.16666603,465,128,4,100.6067734,291,18,291,18

LiuJQ-MZL-2013-167,mixed,114.7267778,39.22044444,5.483333111,12.1833334,29.86111069,1071.456787,24.39999962,-16.39999962,40.79999924,18.13333321,-8.350000381,18.13333321,-8.350000381,506,149,2,110.6287384,336,11,336,11

LiuJQ-MZL-2013-174,mixed,117.4806667,40.58663889,3.129166603,11.49166679,28.02845573,1111.222656,22.20000076,-18.79999924,41,16.26666641,-11.11666679,16.26666641,-11.11666679,604,180,3,115.8970642,418,12,418,12

LiuJQ-MZL-2013-192,mixed,119.1591944,40.9085,7.800000191,12.6833334,29.15708923,1172.084351,27.39999962,-16.10000038,43.5,21.45000076,-7.416666985,21.45000076,-7.416666985,522,162,2,122.0781555,372,8,372,8

LiuJQ-MZL-2013-197,mixed,119.9179167,41.17952778,8.212499619,12.89166641,28.9050827,1209.113403,28.10000038,-16.5,44.59999847,22.23333359,-7.533333302,22.23333359,-7.533333302,504,160,2,120.8448257,356,7,356,7

LiuJQ-MZL-2013-203,mixed,121.5665,41.53786111,7.650000095,10.59999943,24.82435608,1231.121094,26.89999962,-15.80000019,42.70000076,21.91666603,-8.433333397,21.91666603,-8.433333397,539,162,2,115.3441315,366,7,366,7

LiuJQ-MZL-2013-221,pdav-N,123.15125,40.99263889,7.841666698,9.966667175,23.28660583,1219.76123,26.79999924,-16,42.79999924,21.88333321,-8.233333588,21.88333321,-8.233333588,731,201,5,107.6077423,471,19,471,19

LiuJQ-MZL-2013-238,pdav-N,124.38425,40.62366667,7.408333302,10.98333359,25.19113159,1191.616211,26.79999924,-16.79999924,43.59999847,21.26666641,-8.25,21.26666641,-8.25,965,264,10,104.0037003,609,36,609,36

LiuJQ-MZL-2013-247,pdav-N,126.5994722,41.94136111,4.287499905,12.9416666,25.62706375,1365.315674,26.60000038,-23.89999962,50.5,20.11666679,-13.89999962,20.11666679,-13.89999962,844,213,8,98.28425598,525,32,525,32

LiuJQ-MZL-2013-257,pdav-N,127.5297778,41.47919444,3.787500143,12.64166641,26.33680534,1294.240967,25.39999962,-22.60000038,48,18.81666756,-13.36666679,18.81666756,-13.36666679,783,185,11,93.32143402,475,39,475,39

LiuJQ-MZL-2013-264,pdav-N,128.1434167,41.57469444,1.433333278,12.5666666,26.68082237,1270.031006,22.79999924,-24.29999924,47.09999847,16.25,-15.19999981,16.25,-15.19999981,723,166,8,94.60202789,444,29,444,29

LiuJQ-MZL-2013-270,pdav-N,126.8848333,42.62916667,3.75,12.78333378,25.16404152,1372.363647,26.10000038,-24.70000076,50.80000305,19.61666679,-14.51666641,19.61666679,-14.51666641,769,196,8,97.73883057,478,29,478,29

LiuJQ-MZL-2013-282,pdav-N,128.9276111,42.48758333,4.020833015,12.125,27.24719048,1213.807861,24.29999924,-20.20000076,44.5,18.18333244,-11.78333378,18.18333244,-11.78333378,623,141,5,95.31421661,380,20,380,20

LiuJQ-MZL-2013-298,pdav-N,129.0338889,43.90666667,2.537499905,11.95833302,24.8613987,1352.260986,24.5,-23.60000038,48.09999847,18.21666718,-15.1833334,18.21666718,-15.1833334,593,140,3,99.44890594,372,14,372,14

LiuJQ-MZL-2013-313,pdav-N,129.7575,46.71594444,2.424999952,11.71666718,22.66279793,1494.788696,26.20000076,-25.5,51.70000076,19.78333282,-17.16666603,19.78333282,-17.16666603,592,141,4,101.0153351,374,17,374,17

LiuJQ-MZL-2013-327,pdav-N,127.1319444,45.38769444,3.670833349,11.79166698,22.63275719,1484.213013,27,-25.10000038,52.09999847,20.86666679,-15.88333321,20.86666679,-15.88333321,566,161,3,108.4756622,373,13,373,13

LiuJQ-MZL-2013-338,pdav-N,126.7770833,48.75094444,-0.100000046,12.4333334,22.36211014,1618.197632,25,-30.60000038,55.59999847,18.56666756,-21.45000076,18.56666756,-21.45000076,531,147,4,107.5204239,347,14,347,14

LiuJQ-MZL-2013-342,pdav-N,127.6398333,49.46366667,-0.062500097,13.14166641,23.13673592,1635.915283,26.10000038,-30.70000076,56.80000305,18.66666603,-17.43333435,18.66666603,-21.5,541,134,5,98.46536255,336,20,336,20

LiuJQ-MZL-2013-349A,pdav-N,127.4135,50.16175,0.21250008,12.0583334,22.28897095,1581.610352,25.70000076,-28.39999962,54.09999847,18.53333282,-16.25,18.53333282,-20.29999924,551,133,5,97.9680481,341,20,341,21

LiuJQ-MZL-2013-357,pdav-N,126.5409722,49.518,-1.458333254,12.86666679,23.91573715,1532.05127,23.70000076,-30.10000038,53.80000305,16.46666718,-21.10000038,16.46666718,-21.10000038,566,149,5,103.3743744,362,17,362,17

LiuJQ-MZL-2013-361,pdav-N,124.1177778,50.43052778,-1.062500119,14.9416666,26.4923172,1558.931885,25.39999962,-31,56.40000153,17.23333359,-21.01666641,17.23333359,-21.01666641,510,144,3,111.5378723,343,11,343,11

LiuJQ-MZL-2013-398,pdav-N,118.1725556,42.10461111,5.150000095,12.51666641,28.00149155,1222.640625,26.10000038,-18.60000038,44.70000076,19.48333359,-10.58333302,19.48333359,-10.58333302,420,127,1,117.6306992,295,5,295,5

LiuJQ-MZL-2013-422,mixed,111.7,40.93136111,3.779166698,13.14166641,28.63108063,1222.316162,25.20000076,-20.70000076,45.90000153,18.08333397,-12.11666679,18.08333397,-12.11666679,302,87,2,113.1439438,202,8,202,8

LiuJQ-MZL-2013-425,mixed,105.9248056,38.74583333,4.516666889,10.96666622,27.48538017,1075.492188,23.60000038,-16.29999924,39.90000153,15.71666718,-9.316666603,17.21666718,-9.316666603,241,61,1,96.94004059,147,4,144,4

LiuJQ-QTP-2013-102,Prot,92.93527778,29.03555556,6.862500191,12.04166698,41.95702744,607.5402222,19.20000076,-9.5,28.70000076,13.86666679,-1.083333373,13.86666679,-1.083333373,404,106,1,112.2969742,268,4,268,4

LiuJQ-QTP-2013-196,Prot,92.58152778,28.59327778,4.654166698,14.97499943,46.943573,615.6794434,18,-13.89999962,31.89999962,11.89999962,-3.199999809,11.89999962,-3.199999809,292,84,1,118.9858932,205,4,205,4

LiuJQ-QTP-2013-210,Prot,97.47755556,28.78761111,8.404166222,10.35833359,40.46224213,566.8271484,19.79999924,-5.800000191,25.59999847,14.80000019,2.466666698,14.80000019,1.050000072,1166,239,9,85.14528656,650,37,650,49

LJ,Prot,100.3666667,27.41666667,7.291666508,10.91666698,44.0188179,521.1474609,17.70000076,-7.099999905,24.80000114,13.35000038,1.299999952,13.35000038,0.599999964,770,148,8,72.69433594,383,36,383,39

LZQ-106,Prot,102.3541667,27.69965,10.50833321,11.11666679,45.56010818,490.1893616,20.70000076,-3.700000048,24.40000153,16.13333321,4.066666603,16.13333321,4.066666603,918,195,7,92.91707611,525,24,525,24

LZQ-117,Prot,101.2521667,27.96751667,12.34583378,11.77500057,46.91235352,502.3465881,22.89999962,-2.200000048,25.10000038,17.98333359,5.716666698,17.98333359,5.716666698,822,178,5,90.66824341,466,21,466,21

LZQ-81,Prot,104.1082,26.73855,10.3125,9.925000191,41.70167923,518.319519,20.60000038,-3.200000048,23.80000114,16.23333359,3.400000095,16.23333359,3.400000095,972,188,10,86.34065247,527,32,527,32

LZQ-98,Prot,102.8304167,27.15027778,12.67083359,9.925000191,42.78017044,499.3971558,22.39999962,-0.800000012,23.19999886,18.28333282,6.033333302,18.28333282,6.033333302,926,196,8,93.58171082,535,24,535,24

MaoKS-CX-2014-120,Prot,101.75279,27.56695,11.3791666,11.0583334,46.65963364,485.7256165,21.20000076,-2.5,23.70000076,16.83333397,4.966666698,16.83333397,4.966666698,887,194,5,93.21231842,511,20,511,20

MaoKS-CX-2014-188,Prot,96.6905,29.83564,1.316666722,12.53333378,42.1997757,648.0752563,14.60000038,-15.10000038,29.70000076,8.866666794,-6.816666603,8.866666794,-6.816666603,648,138,5,87.3862915,362,20,362,20

MaoKS-CX-2014-198,mixed,98.31017,29.56415,4.900000095,11.78333378,42.08333206,613.2143555,17.39999962,-10.60000038,28,12.03333282,-1.900000095,12.03333282,-2.916666746,623,135,4,85.18035126,345,20,345,20

MaoKS-CX-2014-204,mixed,98.84905,29.72997,3.991666555,12.0666666,42.19114304,624.5355835,16.5,-12.10000038,28.60000038,11.23333359,-4,11.23333359,-4,602,134,3,89.39421844,345,15,345,15

MaoKS-CX-2014-222,mixed,100.7648611,28.76525,5.550000191,12.66666698,43.82929611,595.1776123,17.60000038,-11.30000019,28.90000153,12.33333397,-2.166666746,12.33333397,-2.166666746,679,148,4,87.63357544,380,18,380,18

MaoKS-CX-2014-234,mixed,99.81702,28.98162,3.520833254,12.07499981,41.92708206,620.7929688,15.80000019,-13,28.79999924,10.66666698,-4.450000286,10.66666698,-4.450000286,618,137,3,87.41741943,347,17,347,17

MaoKS-CX-2014-253,Prot,99.0575,27.65932,12.76249981,10.39166737,42.41496658,535.4145508,23.20000076,-1.299999952,24.5,18.85000038,6.883333206,18.85000038,5.816666603,1084,193,13,66.85328674,511,54,511,90

MaoKS-CX-2014-32,mixed,102.0293,31.99135,9.6875,14.74166679,45.35897446,627.1367798,24.39999962,-8.100000381,32.5,16.88333321,1.48333323,16.88333321,1.48333323,653,129,2,86.45391083,326,11,326,11

MaoKS-CX-2014-44,mixed,102.1624694,31.21655556,8.754166603,12.32499981,40.81126022,637.5858765,22.39999962,-7.800000191,30.20000076,14.85000038,0.383333355,16.03333282,0.383333355,627,132,2,87.67477417,318,10,313,10

MaoKS-CX-2014-67,mixed,102.7278889,30.7982,8.962499619,11.45833302,39.78588104,613.166626,22.10000038,-6.699999809,28.79999924,14.83333302,0.916666508,16.10000038,0.916666508,716,141,4,82.2445755,354,18,346,18

MaoKS-CX-2014-99,mixed,101.5003806,29.71361944,6.195833206,13.27499962,44.69696808,607.1185913,18.70000076,-11,29.70000076,13.14999962,-1.666666627,13.14999962,-1.666666627,746,158,1,99.09520721,432,7,432,7

pda2,mixed,102.91,34.176,1.554166675,11.84166718,36.21304703,710.3118896,16.10000038,-16.60000038,32.70000076,9.400000572,-7.683333397,9.933333397,-7.683333397,660,126,2,86.91996002,351,11,342,11

pda4,mixed,107.324,34.276,11.51249981,9.091667175,27.4672718,880.9682617,27.79999924,-5.300000191,33.09999847,20.88333321,0.366666675,22.26666641,0.366666675,687,128,5,76.1234436,357,20,296,20

pro13,Prot,103.65,25.14,14.42083359,10.90833378,47.01867676,457.8232117,24.20000076,1,23.20000076,19.20000076,8.199999809,19.20000076,8.199999809,914,177,12,83.47466278,503,41,503,41

pro14,mixed,99.378,29.258,5.849999905,11.91666698,41.23413849,627.7123413,18.60000038,-10.30000019,28.90000153,13.01666737,-2.233333349,13.01666737,-2.233333349,604,136,3,88.12093353,341,16,341,16

pro9,mixed,98.557,31.767,6.779166698,14.8083334,45.7047348,653.0678101,21.39999962,-11,32.40000153,14.39999962,-1.599999905,14.39999962,-1.599999905,552,114,3,95.52306366,320,12,320,12

SS,pdav-N,124.4666667,44.13333333,5.170833111,11.54166698,23.26948929,1424.065063,27.5,-22.10000038,49.59999847,21.68333244,-13.53333378,21.68333244,-13.53333378,510,162,2,116.5632858,353,9,353,9

SYS,pdav-N,131.25,47.06666667,3.212500095,11.3083334,21.83075905,1513.328857,27.39999962,-24.39999962,51.79999924,20.64999962,-16.68333244,20.64999962,-16.68333244,559,131,4,95.66824341,339,17,339,17

xls,mixed,103.8333333,35.63333333,6.162499905,11.79166698,31.27762985,923.2578735,23.70000076,-14,37.70000076,15.73333359,-5.950000286,16.93333244,-5.950000286,445,93,1,87.74440765,245,7,235,7

ZLP20-02,Prot,102.2791472,28.80625556,11.4416666,10.61666679,41.30998611,543.6401978,22.89999962,-2.799999952,25.69999886,17.76666641,4.266666412,17.76666641,4.266666412,924,191,4,94.79458618,533,16,533,16

ZLP20-03,Prot,101.2531028,25.84286111,15.90416718,11.67500019,48.04526901,453.6140747,26,1.700000048,24.29999924,20.70000076,9.816666603,20.70000076,9.816666603,759,150,10,81.63588715,410,35,410,35

ZLP20-04,Prot,100.2423333,25.55144722,14.53333378,11.01666641,47.69119644,449.4508362,24.10000038,1,23.10000038,19.39999962,8.5,19.39999962,8.5,824,145,13,68.55430603,399,53,399,53

ZLP20-07,Prot,99.34420833,27.13961111,11.97500038,10.80000019,43.54838562,529.8863525,22.5,-2.299999952,24.79999924,17.63333321,6.099999905,18.14999962,5.183333397,925,149,13,60.5845871,390,57,387,92

ZLP20-08,Prot,95.96082778,29.76238889,6.916666508,11.33333302,40.91456223,610.1651611,19.5,-8.199999809,27.70000076,13.98333359,0.333333343,13.98333359,-0.949999988,830,168,5,88.19126892,462,22,462,24

ZLP20-09,mixed,98.88611111,28.466775,5.166666508,10.65000057,41.76470566,577.0431519,16.70000076,-8.800000191,25.5,11.91666698,-0.833333313,11.91666698,-2.066666603,623,120,8,66.91742706,290,35,290,37

ZLP20-10,mixed,97.55,29.43905278,2.879166603,11.54166698,40.92789459,624.09375,15.39999962,-12.80000019,28.20000076,10.08333302,-3.683333397,10.08333302,-5.066666603,742,153,7,82.63006592,404,28,404,31

ZLP20-15,Prot,93.93111111,29.17615,9.054166794,12.32499981,44.33453369,573.7296753,21.5,-6.300000191,27.79999924,15.69999981,1.566666484,15.69999981,1.566666484,638,134,2,94.97407532,366,9,366,9

ZLP20-16,Prot,93.01297222,30.00454722,4.420833111,12.14166641,39.6786499,670.1575928,17.89999962,-12.69999981,30.59999847,12.16666603,-4.300000191,12.16666603,-4.300000191,476,114,2,105.6015854,301,7,301,7

ZLP20-17,Prot,94.89555556,29.507925,6.366666794,10.39999962,38.66170883,615.6715698,18.39999962,-8.5,26.89999962,13.39999962,-1.649999976,13.39999962,-1.649999976,712,142,2,89.51485443,390,11,390,11

ZLP20-21,mixed,97.22922222,31.205525,5.620833397,14.15833378,43.83384705,674.2755737,20.20000076,-12.10000038,32.30000305,13.51666641,-2.983333349,13.51666641,-2.983333349,508,111,3,96.42395782,302,12,302,12

ZLP20-23,mixed,101.2234167,30.89185556,6.262499809,14.39166641,44.5562439,646.244812,20.10000038,-12.19999981,32.29999924,13.5666666,-2.216666698,13.5666666,-2.216666698,629,135,2,97.65328979,357,8,357,8

ZLP20-24,mixed,101.9578889,30.01171389,9.233333588,10.94999981,38.69258118,631.2589722,22.10000038,-6.199999809,28.29999924,16.64999962,1.050000072,16.64999962,1.050000072,761,160,3,93.34908295,419,12,419,12

ZXX2020-HZ-SY,mixed,107.088221,32.755226,10.44999981,7.450000286,26.0489502,782.3391724,24.70000076,-3.900000095,28.60000038,19.03333282,0.533333242,19.96666718,0.533333242,939,174,8,75.10729218,469,30,427,30

